2752,3,6,CC_Chg,0,0.6961356401443481,5.604822635650635,0.0,0.0,0.0,0.0,2024-07-16 14:41:31+08:00
2753,3,6,CC_Chg,0.5,0.7080368995666504,5.6055073738098145,0.0007784979534335434,0.0,0.0005463473498821259,0.0,2024-07-16 14:41:31+08:00
2754,3,6,CC_Chg,1,0.7229414582252502,5.605721950531006,0.0015570406103506684,0.0,0.0010975842596963048,0.0,2024-07-16 14:41:31.500000+08:00
2755,3,6,CC_Chg,1.5,0.7358629703521729,5.605794429779053,0.002335613127797842,0.0,0.001660446636378765,0.0,2024-07-16 14:41:32+08:00
2756,3,6,CC_Chg,2,0.7479379773139954,5.605809688568115,0.0031141957733780146,0.0,0.0022333767265081406,0.0,2024-07-16 14:41:32.500000+08:00
2757,3,6,CC_Chg,2.5,0.7594523429870605,5.605809688568115,0.0038927802816033363,0.0,0.0028157096821814775,0.0,2024-07-16 14:41:33+08:00
2758,3,6,CC_Chg,3,0.7700008749961853,5.605827808380127,0.004671365022659302,0.0,0.0034070077817887068,0.0,2024-07-16 14:41:33.500000+08:00
2759,3,6,CC_Chg,3.5,0.7808921337127686,5.605852127075195,0.005449952092021704,0.0,0.004006520379334688,0.0,2024-07-16 14:41:34+08:00
2760,3,6,CC_Chg,4,0.7914679646492004,5.605861186981201,0.006228542886674404,0.0,0.004614515695720911,0.0,2024-07-16 14:41:34.500000+08:00
2761,3,6,CC_Chg,4.5,0.801853597164154,5.605876445770264,0.007007134612649679,0.0,0.005230746231973171,0.0,2024-07-16 14:41:35+08:00
2762,3,6,CC_Chg,5,0.8121817708015442,5.60588264465332,0.007785728666931391,0.0,0.0058550648391246796,0.0,2024-07-16 14:41:35.500000+08:00
2763,3,6,CC_Chg,5.5,0.8223469853401184,5.605879306793213,0.00856432318687439,0.0,0.006487424951046705,0.0,2024-07-16 14:41:36+08:00
2764,3,6,CC_Chg,6,0.8323644995689392,5.60588264465332,0.009342918172478676,0.0,0.007127699907869101,0.0,2024-07-16 14:41:36.500000+08:00
2765,3,6,CC_Chg,6.5,0.8418001532554626,5.60588264465332,0.010121512226760387,0.0,0.0077757746912539005,0.0,2024-07-16 14:41:37+08:00
2766,3,6,CC_Chg,7,0.8516505360603333,5.605888366699219,0.010900107212364674,0.0,0.008431196212768555,0.0,2024-07-16 14:41:37.500000+08:00
2767,3,6,CC_Chg,7.5,0.8614791631698608,5.6058855056762695,0.011678703129291534,0.0,0.00909428671002388,0.0,2024-07-16 14:41:38+08:00
2768,3,6,CC_Chg,8,0.8711733222007751,5.605891227722168,0.01245729811489582,0.0,0.009765030816197395,0.0,2024-07-16 14:41:38.500000+08:00
2769,3,6,CC_Chg,8.5,0.880831778049469,5.6058855056762695,0.013235894031822681,0.0,0.010443322360515594,0.0,2024-07-16 14:41:39+08:00
2770,3,6,CC_Chg,9,0.8904714584350586,5.6058855056762695,0.014014489017426968,0.0,0.011129134334623814,0.0,2024-07-16 14:41:39.500000+08:00
2771,3,6,CC_Chg,9.5,0.9000057578086853,5.605897426605225,0.014793084934353828,0.0,0.011822450906038284,0.0,2024-07-16 14:41:40+08:00
2772,3,6,CC_Chg,10,0.9094946980476379,5.605894565582275,0.015571681782603264,0.0,0.012523192912340164,0.0,2024-07-16 14:41:40.500000+08:00
2773,3,6,CC_Chg,10.5,0.918465256690979,5.605900764465332,0.0163502786308527,0.0,0.013231322169303894,0.0,2024-07-16 14:41:41+08:00
2774,3,6,CC_Chg,11,0.9278500080108643,5.60590934753418,0.017128875479102135,0.0,0.01394643634557724,0.0,2024-07-16 14:41:41.500000+08:00
2775,3,6,CC_Chg,11.5,0.9372063279151917,5.605912685394287,0.01790747418999672,0.0,0.014668859541416168,0.0,2024-07-16 14:41:42+08:00
2776,3,6,CC_Chg,12,0.9465383887290955,5.6059064865112305,0.018686072900891304,0.0,0.015398567542433739,0.0,2024-07-16 14:41:42.500000+08:00
2777,3,6,CC_Chg,12.5,0.9557875394821167,5.60590934753418,0.01946467161178589,0.0,0.01613553985953331,0.0,2024-07-16 14:41:43+08:00
2778,3,6,CC_Chg,13,0.9650112390518188,5.605897426605225,0.020243270322680473,0.0,0.016879715025424957,0.0,2024-07-16 14:41:43.500000+08:00
2779,3,6,CC_Chg,13.5,0.9741864800453186,5.605903625488281,0.02102186717092991,0.0,0.01763106882572174,0.0,2024-07-16 14:41:44+08:00
2780,3,6,CC_Chg,14,0.9832903146743774,5.605900764465332,0.021800464019179344,0.0,0.018389569595456123,0.0,2024-07-16 14:41:44.500000+08:00
2781,3,6,CC_Chg,14.5,0.9919272661209106,5.6059064865112305,0.02257906086742878,0.0,0.01915515586733818,0.0,2024-07-16 14:41:45+08:00
2782,3,6,CC_Chg,15,1.0009268522262573,5.6059064865112305,0.023357659578323364,0.0,0.01992746815085411,0.0,2024-07-16 14:41:45.500000+08:00
2783,3,6,CC_Chg,15.5,1.0099538564682007,5.605894565582275,0.02413625828921795,0.0,0.020706789568066597,0.0,2024-07-16 14:41:46+08:00
2784,3,6,CC_Chg,16,1.018949270248413,5.605897426605225,0.024914853274822235,0.0,0.021493135020136833,0.0,2024-07-16 14:41:46.500000+08:00
2785,3,6,CC_Chg,16.5,1.0279380083084106,5.605897426605225,0.02569345012307167,0.0,0.022286485880613327,0.0,2024-07-16 14:41:47+08:00
2786,3,6,CC_Chg,17,1.0368443727493286,5.605891227722168,0.026472046971321106,0.0,0.02308683469891548,0.0,2024-07-16 14:41:47.500000+08:00
2787,3,6,CC_Chg,17.5,1.045736312866211,5.605900764465332,0.02725064381957054,0.0,0.023894118145108223,0.0,2024-07-16 14:41:48+08:00
2788,3,6,CC_Chg,18,1.0546178817749023,5.605903625488281,0.028029240667819977,0.0,0.024708325043320656,0.0,2024-07-16 14:41:48.500000+08:00
2789,3,6,CC_Chg,18.5,1.0629889965057373,5.605903625488281,0.02880783937871456,0.0,0.025529447942972183,0.0,2024-07-16 14:41:49+08:00
2790,3,6,CC_Chg,19,1.071803331375122,5.605903625488281,0.029586436226963997,0.0,0.02635709010064602,0.0,2024-07-16 14:41:49.500000+08:00
2791,3,6,CC_Chg,19.5,1.080594778060913,5.605891227722168,0.03036503493785858,0.0,0.027191592380404472,0.0,2024-07-16 14:41:50+08:00
2792,3,6,CC_Chg,20,1.0894036293029785,5.605894565582275,0.031143629923462868,0.0,0.02803293988108635,0.0,2024-07-16 14:41:50.500000+08:00
2793,3,6,CC_Chg,20.5,1.098166584968567,5.6058855056762695,0.031922224909067154,0.0,0.028881145641207695,0.0,2024-07-16 14:41:51+08:00
2794,3,6,CC_Chg,21,1.1069252490997314,5.6058669090271,0.03270082175731659,0.0,0.029736172407865524,0.0,2024-07-16 14:41:51.500000+08:00
2795,3,6,CC_Chg,21.5,1.1156445741653442,5.605873107910156,0.033479414880275726,0.0,0.03059801645576954,0.0,2024-07-16 14:41:52+08:00
2796,3,6,CC_Chg,22,1.1238715648651123,5.60588264465332,0.03425800800323486,0.0,0.03146665170788765,0.0,2024-07-16 14:41:52.500000+08:00
2797,3,6,CC_Chg,22.5,1.1325006484985352,5.60588264465332,0.035036601126194,0.0,0.032341692596673965,0.0,2024-07-16 14:41:53+08:00
2798,3,6,CC_Chg,23,1.1410746574401855,5.605870246887207,0.035815197974443436,0.0,0.03322345018386841,0.0,2024-07-16 14:41:53.500000+08:00
2799,3,6,CC_Chg,23.5,1.1494585275650024,5.6058855056762695,0.03659379109740257,0.0,0.034111883491277695,0.0,2024-07-16 14:41:54+08:00
2800,3,6,CC_Chg,24,1.157761812210083,5.605888366699219,0.03737238422036171,0.0,0.035006847232580185,0.0,2024-07-16 14:41:54.500000+08:00
2801,3,6,CC_Chg,24.5,1.1657012701034546,5.6058669090271,0.038150981068611145,0.0,0.03590827435255051,0.0,2024-07-16 14:41:55+08:00
2802,3,6,CC_Chg,25,1.1733051538467407,5.6058669090271,0.03892957419157028,0.0,0.03681588172912598,0.0,2024-07-16 14:41:55.500000+08:00
2803,3,6,CC_Chg,25.5,1.1803781986236572,5.6058669090271,0.03970816731452942,0.0,0.0377294085919857,0.0,2024-07-16 14:41:56+08:00
2804,3,6,CC_Chg,26,1.1864835023880005,5.605873107910156,0.040486760437488556,0.0,0.038648441433906555,0.0,2024-07-16 14:41:56.500000+08:00
2805,3,6,CC_Chg,26.5,1.1920329332351685,5.60588264465332,0.04126535356044769,0.0,0.039572227746248245,0.0,2024-07-16 14:41:57+08:00
2806,3,6,CC_Chg,27,1.1967777013778687,5.60588264465332,0.04204394668340683,0.0,0.04050033912062645,0.0,2024-07-16 14:41:57.500000+08:00
2807,3,6,CC_Chg,27.5,1.2006407976150513,5.605888366699219,0.042822543531656265,0.0,0.04143214598298073,0.0,2024-07-16 14:41:58+08:00
2808,3,6,CC_Chg,28,1.2037053108215332,5.605888366699219,0.0436011366546154,0.0,0.042366959154605865,0.0,2024-07-16 14:41:58.500000+08:00
2809,3,6,CC_Chg,28.5,1.2061370611190796,5.6058855056762695,0.04437973350286484,0.0,0.04330415651202202,0.0,2024-07-16 14:41:59+08:00
2810,3,6,CC_Chg,29,1.208109736442566,5.605876445770264,0.04515833035111427,0.0,0.04424325004220009,0.0,2024-07-16 14:41:59.500000+08:00
2811,3,6,CC_Chg,29.5,1.2097283601760864,5.605864524841309,0.04593692347407341,0.0,0.045183878391981125,0.0,2024-07-16 14:42:00+08:00
2812,3,6,CC_Chg,30,1.2109956741333008,5.605876445770264,0.04671551659703255,0.0,0.04612576216459274,0.0,2024-07-16 14:42:00.500000+08:00
2813,3,6,CC_Chg,30.5,1.2121866941452026,5.605870246887207,0.047494109719991684,0.0,0.04706863686442375,0.0,2024-07-16 14:42:01+08:00
2814,3,6,CC_Chg,31,1.213268756866455,5.605870246887207,0.04827270284295082,0.0,0.04801243543624878,0.0,2024-07-16 14:42:01.500000+08:00
2815,3,6,CC_Chg,31.5,1.214281678199768,5.60588264465332,0.04905129596590996,0.0,0.04895707964897156,0.0,2024-07-16 14:42:02+08:00
2816,3,6,CC_Chg,32,1.2151421308517456,5.605879306793213,0.049829889088869095,0.0,0.04990251362323761,0.0,2024-07-16 14:42:02.500000+08:00
2817,3,6,CC_Chg,32.5,1.216009259223938,5.605888366699219,0.05060848593711853,0.0,0.05084861442446709,0.0,2024-07-16 14:42:03+08:00
2818,3,6,CC_Chg,33,1.216832160949707,5.605900764465332,0.05138707906007767,0.0,0.05179539695382118,0.0,2024-07-16 14:42:03.500000+08:00
2819,3,6,CC_Chg,33.5,1.2175538539886475,5.605879306793213,0.0521656759083271,0.0,0.052742816507816315,0.0,2024-07-16 14:42:04+08:00
2820,3,6,CC_Chg,34,1.218341588973999,5.6058855056762695,0.05294427275657654,0.0,0.053690798580646515,0.0,2024-07-16 14:42:04.500000+08:00
2821,3,6,CC_Chg,34.5,1.219061017036438,5.605879306793213,0.053722865879535675,0.0,0.05463939160108566,0.0,2024-07-16 14:42:05+08:00
2822,3,6,CC_Chg,35,1.2197645902633667,5.6058855056762695,0.05450146272778511,0.0,0.05558854714035988,0.0,2024-07-16 14:42:05.500000+08:00
2823,3,6,CC_Chg,35.5,1.2204349040985107,5.605873107910156,0.05528005585074425,0.0,0.05653825029730797,0.0,2024-07-16 14:42:06+08:00
2824,3,6,CC_Chg,36,1.2211191654205322,5.605876445770264,0.056058648973703384,0.0,0.057488471269607544,0.0,2024-07-16 14:42:06.500000+08:00
2825,3,6,CC_Chg,36.5,1.2217531204223633,5.605879306793213,0.05683724582195282,0.0,0.0584392286837101,0.0,2024-07-16 14:42:07+08:00
2826,3,6,CC_Chg,37,1.222327709197998,5.605879306793213,0.05761583894491196,0.0,0.05939047783613205,0.0,2024-07-16 14:42:07.500000+08:00
2827,3,6,CC_Chg,37.5,1.2229628562927246,5.605876445770264,0.058394432067871094,0.0,0.060342177748680115,0.0,2024-07-16 14:42:08+08:00
2828,3,6,CC_Chg,38,1.223563551902771,5.605876445770264,0.05917302519083023,0.0,0.06129436939954758,0.0,2024-07-16 14:42:08.500000+08:00
2829,3,6,CC_Chg,38.5,1.2241636514663696,5.605870246887207,0.059951622039079666,0.0,0.06224702671170235,0.0,2024-07-16 14:42:09+08:00
2830,3,6,CC_Chg,39,1.224741816520691,5.605873107910156,0.0607302151620388,0.0,0.06320015341043472,0.0,2024-07-16 14:42:09.500000+08:00
2831,3,6,CC_Chg,39.5,1.2253267765045166,5.605861186981201,0.06150880828499794,0.0,0.06415373086929321,0.0,2024-07-16 14:42:10+08:00
2832,3,6,CC_Chg,40,1.2258753776550293,5.605858325958252,0.06228739768266678,0.0,0.06510775536298752,0.0,2024-07-16 14:42:10.500000+08:00
2833,3,6,CC_Chg,40.5,1.2264403104782104,5.605858325958252,0.06306599080562592,0.0,0.06606221199035645,0.0,2024-07-16 14:42:11+08:00
2834,3,6,CC_Chg,41,1.2269313335418701,5.605858325958252,0.06384458392858505,0.0,0.06701710820198059,0.0,2024-07-16 14:42:11.500000+08:00
2835,3,6,CC_Chg,41.5,1.2274962663650513,5.6058669090271,0.06462317705154419,0.0,0.06797238439321518,0.0,2024-07-16 14:42:12+08:00
2836,3,6,CC_Chg,42,1.228009819984436,5.6058669090271,0.06540176272392273,0.0,0.06892810761928558,0.0,2024-07-16 14:42:12.500000+08:00
2837,3,6,CC_Chg,42.5,1.2285680770874023,5.605864524841309,0.06618035584688187,0.0,0.06988422572612762,0.0,2024-07-16 14:42:13+08:00
2838,3,6,CC_Chg,43,1.229039192199707,5.605858325958252,0.066958948969841,0.0,0.07084078341722488,0.0,2024-07-16 14:42:13.500000+08:00
2839,3,6,CC_Chg,43.5,1.2295429706573486,5.6058669090271,0.06773754209280014,0.0,0.0717976987361908,0.0,2024-07-16 14:42:14+08:00
2840,3,6,CC_Chg,44,1.2300794124603271,5.605873107910156,0.06851613521575928,0.0,0.07275501638650894,0.0,2024-07-16 14:42:14.500000+08:00
2841,3,6,CC_Chg,44.5,1.2305341958999634,5.605864524841309,0.06929472833871841,0.0,0.07371274381875992,0.0,2024-07-16 14:42:15+08:00
2842,3,6,CC_Chg,45,1.23103666305542,5.605864524841309,0.07007332146167755,0.0,0.07467082887887955,0.0,2024-07-16 14:42:15.500000+08:00
2843,3,6,CC_Chg,45.5,1.2314871549606323,5.605873107910156,0.07085191458463669,0.0,0.07562930136919022,0.0,2024-07-16 14:42:16+08:00
2844,3,6,CC_Chg,46,1.2319891452789307,5.605864524841309,0.07163050770759583,0.0,0.07658813148736954,0.0,2024-07-16 14:42:16.500000+08:00
2845,3,6,CC_Chg,46.5,1.232467532157898,5.6058669090271,0.07240910083055496,0.0,0.0775473490357399,0.0,2024-07-16 14:42:17+08:00
2846,3,6,CC_Chg,47,1.2329295873641968,5.605861186981201,0.0731876939535141,0.0,0.0785069391131401,0.0,2024-07-16 14:42:17.500000+08:00
2847,3,6,CC_Chg,47.5,1.233412742614746,5.605848789215088,0.07396627962589264,0.0,0.07946688681840897,0.0,2024-07-16 14:42:18+08:00
2848,3,6,CC_Chg,48,1.2338608503341675,5.6058430671691895,0.07474487274885178,0.0,0.08042721450328827,0.0,2024-07-16 14:42:18.500000+08:00
2849,3,6,CC_Chg,48.5,1.2342737913131714,5.6058549880981445,0.07552346587181091,0.0,0.08138788491487503,0.0,2024-07-16 14:42:19+08:00
2850,3,6,CC_Chg,49,1.2347115278244019,5.60584020614624,0.07630205154418945,0.0,0.08234887570142746,0.0,2024-07-16 14:42:19.500000+08:00
2851,3,6,CC_Chg,49.5,1.2351820468902588,5.605846405029297,0.07708064466714859,0.0,0.08331020921468735,0.0,2024-07-16 14:42:20+08:00
2852,3,6,CC_Chg,50,1.2356603145599365,5.605858325958252,0.07785923033952713,0.0,0.08427190780639648,0.0,2024-07-16 14:42:20.500000+08:00
2853,3,6,CC_Chg,50.5,1.2360926866531372,5.605846405029297,0.07863782346248627,0.0,0.08523398637771606,0.0,2024-07-16 14:42:21+08:00
2854,3,6,CC_Chg,51,1.2365620136260986,5.605848789215088,0.0794164165854454,0.0,0.08619639277458191,0.0,2024-07-16 14:42:21.500000+08:00
2855,3,6,CC_Chg,51.5,1.2369507551193237,5.605858325958252,0.08019500225782394,0.0,0.0871591717004776,0.0,2024-07-16 14:42:22+08:00
2856,3,6,CC_Chg,52,1.2373849153518677,5.605858325958252,0.08097359538078308,0.0,0.08812224864959717,0.0,2024-07-16 14:42:22.500000+08:00
2857,3,6,CC_Chg,52.5,1.2378075122833252,5.605852127075195,0.08175218850374222,0.0,0.0890856683254242,0.0,2024-07-16 14:42:23+08:00
2858,3,6,CC_Chg,53,1.2382198572158813,5.605861186981201,0.08253077417612076,0.0,0.09004940837621689,0.0,2024-07-16 14:42:23.500000+08:00
2859,3,6,CC_Chg,53.5,1.238678216934204,5.605864524841309,0.0833093672990799,0.0,0.09101347625255585,0.0,2024-07-16 14:42:24+08:00
2860,3,6,CC_Chg,54,1.239094853401184,5.605852127075195,0.08408796042203903,0.0,0.09197790175676346,0.0,2024-07-16 14:42:24.500000+08:00
2861,3,6,CC_Chg,54.5,1.2395095825195312,5.605848789215088,0.08486655354499817,0.0,0.09294264763593674,0.0,2024-07-16 14:42:25+08:00
2862,3,6,CC_Chg,55,1.2399091720581055,5.605852127075195,0.08564513921737671,0.0,0.09390772134065628,0.0,2024-07-16 14:42:25.500000+08:00
2863,3,6,CC_Chg,55.5,1.2403537034988403,5.605870246887207,0.08642373234033585,0.0,0.0948731005191803,0.0,2024-07-16 14:42:26+08:00
2864,3,6,CC_Chg,56,1.240773320198059,5.605876445770264,0.08720232546329498,0.0,0.09583882987499237,0.0,2024-07-16 14:42:26.500000+08:00
2865,3,6,CC_Chg,56.5,1.2411764860153198,5.605876445770264,0.08798091858625412,0.0,0.0968048945069313,0.0,2024-07-16 14:42:27+08:00
2866,3,6,CC_Chg,57,1.2415724992752075,5.605861186981201,0.08875951170921326,0.0,0.09777126461267471,0.0,2024-07-16 14:42:27.500000+08:00
2867,3,6,CC_Chg,57.5,1.2419981956481934,5.605858325958252,0.0895381048321724,0.0,0.0987379401922226,0.0,2024-07-16 14:42:28+08:00
2868,3,6,CC_Chg,58,1.2423887252807617,5.605870246887207,0.09031669795513153,0.0,0.09970495104789734,0.0,2024-07-16 14:42:28.500000+08:00
2869,3,6,CC_Chg,58.5,1.2428556680679321,5.605873107910156,0.09109529107809067,0.0,0.10067226737737656,0.0,2024-07-16 14:42:29+08:00
2870,3,6,CC_Chg,59,1.243241310119629,5.605870246887207,0.0918738842010498,0.0,0.10163994878530502,0.0,2024-07-16 14:42:29.500000+08:00
2871,3,6,CC_Chg,59.5,1.2436457872390747,5.605873107910156,0.09265247732400894,0.0,0.10260792821645737,0.0,2024-07-16 14:42:30+08:00
2872,3,6,CC_Chg,60,1.2440115213394165,5.605879306793213,0.09343107044696808,0.0,0.10357622057199478,0.0,2024-07-16 14:42:30.500000+08:00
2873,3,6,CC_Chg,60.5,1.2444401979446411,5.605876445770264,0.09420966356992722,0.0,0.10454480350017548,0.0,2024-07-16 14:42:31+08:00
2874,3,6,CC_Chg,61,1.2448489665985107,5.6058855056762695,0.09498829394578934,0.0,0.10576581209897995,0.0,2024-07-16 14:42:32+08:00
2875,3,6,CC_Chg,61.5,1.2452352046966553,5.605879306793213,0.09576689451932907,0.0,0.10673505067825317,0.0,2024-07-16 14:42:32.500000+08:00
2876,3,6,CC_Chg,62,1.245652437210083,5.605879306793213,0.09654548764228821,0.0,0.10770457983016968,0.0,2024-07-16 14:42:33+08:00
2877,3,6,CC_Chg,62.5,1.2460460662841797,5.6058855056762695,0.09732408076524734,0.0,0.10867443680763245,0.0,2024-07-16 14:42:33.500000+08:00
2878,3,6,CC_Chg,63,1.246425747871399,5.6058855056762695,0.09810267388820648,0.0,0.10964460670948029,0.0,2024-07-16 14:42:34+08:00
2879,3,6,CC_Chg,63.5,1.246847152709961,5.605879306793213,0.09888126701116562,0.0,0.1106150671839714,0.0,2024-07-16 14:42:34.500000+08:00
2880,3,6,CC_Chg,64,1.2472280263900757,5.605891227722168,0.09965986758470535,0.0,0.11158585548400879,0.0,2024-07-16 14:42:35+08:00
2881,3,6,CC_Chg,64.5,1.2476403713226318,5.605912685394287,0.10043846070766449,0.0,0.11255694180727005,0.0,2024-07-16 14:42:35.500000+08:00
2882,3,6,CC_Chg,65,1.248033881187439,5.605912685394287,0.10121706128120422,0.0,0.11352835595607758,0.0,2024-07-16 14:42:36+08:00
2883,3,6,CC_Chg,65.5,1.2484432458877563,5.605900764465332,0.10199566185474396,0.0,0.11450006812810898,0.0,2024-07-16 14:42:36.500000+08:00
2884,3,6,CC_Chg,66,1.2488313913345337,5.605903625488281,0.1027742549777031,0.0,0.11547210812568665,0.0,2024-07-16 14:42:37+08:00
2885,3,6,CC_Chg,66.5,1.2492207288742065,5.6059064865112305,0.10355285555124283,0.0,0.11644444614648819,0.0,2024-07-16 14:42:37.500000+08:00
2886,3,6,CC_Chg,67,1.2496088743209839,5.60590934753418,0.10433144867420197,0.0,0.11741708219051361,0.0,2024-07-16 14:42:38+08:00
2887,3,6,CC_Chg,67.5,1.2500338554382324,5.60590934753418,0.1051100492477417,0.0,0.1183900237083435,0.0,2024-07-16 14:42:38.500000+08:00
2888,3,6,CC_Chg,68,1.250401496887207,5.6059064865112305,0.10588864982128143,0.0,0.11936330050230026,0.0,2024-07-16 14:42:39+08:00
2889,3,6,CC_Chg,68.5,1.250778079032898,5.605897426605225,0.10666725039482117,0.0,0.1203368604183197,0.0,2024-07-16 14:42:39.500000+08:00
2890,3,6,CC_Chg,69,1.2511510848999023,5.605903625488281,0.1074458435177803,0.0,0.12131071090698242,0.0,2024-07-16 14:42:40+08:00
2891,3,6,CC_Chg,69.5,1.2515652179718018,5.605897426605225,0.10822444409132004,0.0,0.12228485941886902,0.0,2024-07-16 14:42:40.500000+08:00
2892,3,6,CC_Chg,70,1.2519787549972534,5.605903625488281,0.10900303721427917,0.0,0.12325932085514069,0.0,2024-07-16 14:42:41+08:00
2893,3,6,CC_Chg,70.5,1.2523905038833618,5.605918884277344,0.10978163778781891,0.0,0.12423411011695862,0.0,2024-07-16 14:42:41.500000+08:00
2894,3,6,CC_Chg,71,1.252748966217041,5.605927467346191,0.11056023836135864,0.0,0.12520922720432281,0.0,2024-07-16 14:42:42+08:00
2895,3,6,CC_Chg,71.5,1.2531644105911255,5.605933666229248,0.11133883893489838,0.0,0.1261846125125885,0.0,2024-07-16 14:42:42.500000+08:00
2896,3,6,CC_Chg,72,1.2535004615783691,5.605930805206299,0.11211743950843811,0.0,0.12716032564640045,0.0,2024-07-16 14:42:43+08:00
2897,3,6,CC_Chg,72.5,1.2538970708847046,5.6059370040893555,0.11289604008197784,0.0,0.1281363070011139,0.0,2024-07-16 14:42:43.500000+08:00
2898,3,6,CC_Chg,73,1.2543094158172607,5.605933666229248,0.11367464065551758,0.0,0.1291125863790512,0.0,2024-07-16 14:42:44+08:00
2899,3,6,CC_Chg,73.5,1.2546932697296143,5.605955123901367,0.11445324122905731,0.0,0.13008920848369598,0.0,2024-07-16 14:42:44.500000+08:00
2900,3,6,CC_Chg,74,1.255092978477478,5.605955123901367,0.11523184925317764,0.0,0.13106611371040344,0.0,2024-07-16 14:42:45+08:00
2901,3,6,CC_Chg,74.5,1.2554665803909302,5.605967044830322,0.11601045727729797,0.0,0.13204333186149597,0.0,2024-07-16 14:42:45.500000+08:00
2902,3,6,CC_Chg,75,1.2558903694152832,5.605976104736328,0.11678905785083771,0.0,0.13302084803581238,0.0,2024-07-16 14:42:46+08:00
2903,3,6,CC_Chg,75.5,1.256253719329834,5.605985641479492,0.11756766587495804,0.0,0.13399869203567505,0.0,2024-07-16 14:42:46.500000+08:00
2904,3,6,CC_Chg,76,1.2566648721694946,5.6059794425964355,0.11834628134965897,0.0,0.1349768191576004,0.0,2024-07-16 14:42:47+08:00
2905,3,6,CC_Chg,76.5,1.2570371627807617,5.605985641479492,0.1191248893737793,0.0,0.13595527410507202,0.0,2024-07-16 14:42:47.500000+08:00
2906,3,6,CC_Chg,77,1.2574453353881836,5.605976104736328,0.11990349739789963,0.0,0.13693401217460632,0.0,2024-07-16 14:42:48+08:00
2907,3,6,CC_Chg,77.5,1.257814645767212,5.6059794425964355,0.12068210542201996,0.0,0.1379130780696869,0.0,2024-07-16 14:42:48.500000+08:00
2908,3,6,CC_Chg,78,1.2582257986068726,5.6059699058532715,0.12146071344614029,0.0,0.13889241218566895,0.0,2024-07-16 14:42:49+08:00
2909,3,6,CC_Chg,78.5,1.2586066722869873,5.6059489250183105,0.12223932147026062,0.0,0.13987207412719727,0.0,2024-07-16 14:42:49.500000+08:00
2910,3,6,CC_Chg,79,1.2590069770812988,5.60595178604126,0.12301792204380035,0.0,0.14085203409194946,0.0,2024-07-16 14:42:50+08:00
2911,3,6,CC_Chg,79.5,1.259434461593628,5.6059489250183105,0.12379653006792068,0.0,0.14183230698108673,0.0,2024-07-16 14:42:50.500000+08:00
2912,3,6,CC_Chg,80,1.259783148765564,5.605943202972412,0.12457513064146042,0.0,0.14281290769577026,0.0,2024-07-16 14:42:51+08:00
2913,3,6,CC_Chg,80.5,1.2601937055587769,5.605946063995361,0.12535373866558075,0.0,0.14379377663135529,0.0,2024-07-16 14:42:51.500000+08:00
2914,3,6,CC_Chg,81,1.26056969165802,5.6059489250183105,0.12613233923912048,0.0,0.14477497339248657,0.0,2024-07-16 14:42:52+08:00
2915,3,6,CC_Chg,81.5,1.260971188545227,5.605939865112305,0.12691093981266022,0.0,0.14575645327568054,0.0,2024-07-16 14:42:52.500000+08:00
2916,3,6,CC_Chg,82,1.2613937854766846,5.605933666229248,0.12768954038619995,0.0,0.14673824608325958,0.0,2024-07-16 14:42:53+08:00
2917,3,6,CC_Chg,82.5,1.261796474456787,5.6059370040893555,0.12846814095973969,0.0,0.1477203667163849,0.0,2024-07-16 14:42:53.500000+08:00
2918,3,6,CC_Chg,83,1.2621883153915405,5.6059370040893555,0.12924674153327942,0.0,0.14870281517505646,0.0,2024-07-16 14:42:54+08:00
2919,3,6,CC_Chg,83.5,1.2625454664230347,5.605930805206299,0.13002535700798035,0.0,0.1496855467557907,0.0,2024-07-16 14:42:54.500000+08:00
2920,3,6,CC_Chg,84,1.2629512548446655,5.605927467346191,0.13080395758152008,0.0,0.15066857635974884,0.0,2024-07-16 14:42:55+08:00
2921,3,6,CC_Chg,84.5,1.263355016708374,5.605930805206299,0.13158255815505981,0.0,0.15165190398693085,0.0,2024-07-16 14:42:55.500000+08:00
2922,3,6,CC_Chg,85,1.2637619972229004,5.605918884277344,0.13236115872859955,0.0,0.15263555943965912,0.0,2024-07-16 14:42:56+08:00
2923,3,6,CC_Chg,85.5,1.2641416788101196,5.605918884277344,0.13313975930213928,0.0,0.15361952781677246,0.0,2024-07-16 14:42:56.500000+08:00
2924,3,6,CC_Chg,86,1.2645570039749146,5.6059250831604,0.13391835987567902,0.0,0.1546037793159485,0.0,2024-07-16 14:42:57+08:00
2925,3,6,CC_Chg,86.5,1.2649554014205933,5.605921745300293,0.13469696044921875,0.0,0.15558837354183197,0.0,2024-07-16 14:42:57.500000+08:00
2926,3,6,CC_Chg,87,1.2653738260269165,5.605918884277344,0.13547556102275848,0.0,0.15657326579093933,0.0,2024-07-16 14:42:58+08:00
2927,3,6,CC_Chg,87.5,1.2657486200332642,5.605918884277344,0.13625416159629822,0.0,0.15755848586559296,0.0,2024-07-16 14:42:58.500000+08:00
2928,3,6,CC_Chg,88,1.266133189201355,5.605915546417236,0.13703276216983795,0.0,0.15854398906230927,0.0,2024-07-16 14:42:59+08:00
2929,3,6,CC_Chg,88.5,1.2665382623672485,5.605894565582275,0.1378113478422165,0.0,0.15952980518341064,0.0,2024-07-16 14:42:59.500000+08:00
2930,3,6,CC_Chg,89,1.2669602632522583,5.605891227722168,0.13858994841575623,0.0,0.1605159193277359,0.0,2024-07-16 14:43:00+08:00
2931,3,6,CC_Chg,89.5,1.2673472166061401,5.605894565582275,0.13936854898929596,0.0,0.16150237619876862,0.0,2024-07-16 14:43:00.500000+08:00
2932,3,6,CC_Chg,90,1.2677589654922485,5.605894565582275,0.1401471495628357,0.0,0.1624891310930252,0.0,2024-07-16 14:43:01+08:00
2933,3,6,CC_Chg,90.5,1.2681809663772583,5.605900764465332,0.14092573523521423,0.0,0.16347619891166687,0.0,2024-07-16 14:43:01.500000+08:00
2934,3,6,CC_Chg,91,1.2685691118240356,5.605879306793213,0.14170433580875397,0.0,0.164463609457016,0.0,2024-07-16 14:43:02+08:00
2935,3,6,CC_Chg,91.5,1.2689639329910278,5.6058855056762695,0.1424829363822937,0.0,0.1654513031244278,0.0,2024-07-16 14:43:02.500000+08:00
2936,3,6,CC_Chg,92,1.2693792581558228,5.6058855056762695,0.14326152205467224,0.0,0.16643930971622467,0.0,2024-07-16 14:43:03+08:00
2937,3,6,CC_Chg,92.5,1.2697770595550537,5.605876445770264,0.14404012262821198,0.0,0.1674276441335678,0.0,2024-07-16 14:43:03.500000+08:00
2938,3,6,CC_Chg,93,1.270182728767395,5.60588264465332,0.1448187232017517,0.0,0.16841629147529602,0.0,2024-07-16 14:43:04+08:00
2939,3,6,CC_Chg,93.5,1.2705920934677124,5.605891227722168,0.14559730887413025,0.0,0.1694052368402481,0.0,2024-07-16 14:43:04.500000+08:00
2940,3,6,CC_Chg,94,1.2710074186325073,5.6058855056762695,0.14637590944766998,0.0,0.17039452493190765,0.0,2024-07-16 14:43:05+08:00
2941,3,6,CC_Chg,94.5,1.2714216709136963,5.605897426605225,0.14715449512004852,0.0,0.17138412594795227,0.0,2024-07-16 14:43:05.500000+08:00
2942,3,6,CC_Chg,95,1.2717880010604858,5.60590934753418,0.14793309569358826,0.0,0.17237403988838196,0.0,2024-07-16 14:43:06+08:00
2943,3,6,CC_Chg,95.5,1.272223949432373,5.605900764465332,0.148711696267128,0.0,0.17336426675319672,0.0,2024-07-16 14:43:06.500000+08:00
2944,3,6,CC_Chg,96,1.2726211547851562,5.605900764465332,0.14949029684066772,0.0,0.17435480654239655,0.0,2024-07-16 14:43:07+08:00
2945,3,6,CC_Chg,96.5,1.2730352878570557,5.605900764465332,0.15026889741420746,0.0,0.17534567415714264,0.0,2024-07-16 14:43:07.500000+08:00
2946,3,6,CC_Chg,97,1.2734283208847046,5.60590934753418,0.151047483086586,0.0,0.1763368546962738,0.0,2024-07-16 14:43:08+08:00
2947,3,6,CC_Chg,97.5,1.2738823890686035,5.6059064865112305,0.15182608366012573,0.0,0.17732833325862885,0.0,2024-07-16 14:43:08.500000+08:00
2948,3,6,CC_Chg,98,1.274267554283142,5.605912685394287,0.15260468423366547,0.0,0.17832018435001373,0.0,2024-07-16 14:43:09+08:00
2949,3,6,CC_Chg,98.5,1.2747058868408203,5.605900764465332,0.1533832848072052,0.0,0.1793123334646225,0.0,2024-07-16 14:43:09.500000+08:00
2950,3,6,CC_Chg,99,1.2750788927078247,5.605903625488281,0.15416188538074493,0.0,0.18030481040477753,0.0,2024-07-16 14:43:10+08:00
2951,3,6,CC_Chg,99.5,1.2754991054534912,5.6059064865112305,0.15494048595428467,0.0,0.18129758536815643,0.0,2024-07-16 14:43:10.500000+08:00
2952,3,6,CC_Chg,100,1.2758994102478027,5.60590934753418,0.1557190716266632,0.0,0.1822906881570816,0.0,2024-07-16 14:43:11+08:00
2953,3,6,CC_Chg,100.5,1.276305079460144,5.6059250831604,0.15649767220020294,0.0,0.18328410387039185,0.0,2024-07-16 14:43:11.500000+08:00
2954,3,6,CC_Chg,101,1.2767101526260376,5.6059250831604,0.15727627277374268,0.0,0.18427783250808716,0.0,2024-07-16 14:43:12+08:00
2955,3,6,CC_Chg,101.5,1.2771497964859009,5.6059250831604,0.1580548733472824,0.0,0.18527187407016754,0.0,2024-07-16 14:43:12.500000+08:00
2956,3,6,CC_Chg,102,1.2775615453720093,5.605921745300293,0.15883347392082214,0.0,0.18626627326011658,0.0,2024-07-16 14:43:13+08:00
2957,3,6,CC_Chg,102.5,1.2780004739761353,5.6059250831604,0.15961207449436188,0.0,0.1872609704732895,0.0,2024-07-16 14:43:13.500000+08:00
2958,3,6,CC_Chg,103,1.2783807516098022,5.605921745300293,0.1603906750679016,0.0,0.18825602531433105,0.0,2024-07-16 14:43:14+08:00
2959,3,6,CC_Chg,103.5,1.2788118124008179,5.605915546417236,0.16116927564144135,0.0,0.1892513781785965,0.0,2024-07-16 14:43:14.500000+08:00
2960,3,6,CC_Chg,104,1.2792139053344727,5.605918884277344,0.16194787621498108,0.0,0.1902470588684082,0.0,2024-07-16 14:43:15+08:00
2961,3,6,CC_Chg,104.5,1.279646873474121,5.605918884277344,0.1627264767885208,0.0,0.19124305248260498,0.0,2024-07-16 14:43:15.500000+08:00
2962,3,6,CC_Chg,105,1.2800761461257935,5.605915546417236,0.16350507736206055,0.0,0.19223938882350922,0.0,2024-07-16 14:43:16+08:00
2963,3,6,CC_Chg,105.5,1.2804630994796753,5.6059250831604,0.16428367793560028,0.0,0.19323605298995972,0.0,2024-07-16 14:43:16.500000+08:00
2964,3,6,CC_Chg,106,1.2809033393859863,5.605915546417236,0.16506227850914001,0.0,0.1942330151796341,0.0,2024-07-16 14:43:17+08:00
2965,3,6,CC_Chg,106.5,1.281322956085205,5.605915546417236,0.16584087908267975,0.0,0.19523033499717712,0.0,2024-07-16 14:43:17.500000+08:00
2966,3,6,CC_Chg,107,1.2817025184631348,5.605927467346191,0.16661947965621948,0.0,0.19622796773910522,0.0,2024-07-16 14:43:18+08:00
2967,3,6,CC_Chg,107.5,1.282144546508789,5.6059250831604,0.16739808022975922,0.0,0.1972258985042572,0.0,2024-07-16 14:43:18.500000+08:00
2968,3,6,CC_Chg,108,1.2825515270233154,5.605933666229248,0.16817668080329895,0.0,0.19822418689727783,0.0,2024-07-16 14:43:19+08:00
2969,3,6,CC_Chg,108.5,1.2829777002334595,5.605927467346191,0.16895528137683868,0.0,0.19922277331352234,0.0,2024-07-16 14:43:19.500000+08:00
2970,3,6,CC_Chg,109,1.2833858728408813,5.6059250831604,0.16973388195037842,0.0,0.2002217024564743,0.0,2024-07-16 14:43:20+08:00
2971,3,6,CC_Chg,109.5,1.283818244934082,5.605927467346191,0.17051248252391815,0.0,0.20122095942497253,0.0,2024-07-16 14:43:20.500000+08:00
2972,3,6,CC_Chg,110,1.2842341661453247,5.6059370040893555,0.17129108309745789,0.0,0.20222052931785583,0.0,2024-07-16 14:43:21+08:00
2973,3,6,CC_Chg,110.5,1.2846453189849854,5.605946063995361,0.17206968367099762,0.0,0.2032204419374466,0.0,2024-07-16 14:43:21.500000+08:00
2974,3,6,CC_Chg,111,1.2850346565246582,5.605943202972412,0.17284828424453735,0.0,0.20422066748142242,0.0,2024-07-16 14:43:22+08:00
2975,3,6,CC_Chg,111.5,1.2854688167572021,5.605933666229248,0.17362689971923828,0.0,0.20522120594978333,0.0,2024-07-16 14:43:22.500000+08:00
2976,3,6,CC_Chg,112,1.285894513130188,5.60595178604126,0.17440550029277802,0.0,0.2062220722436905,0.0,2024-07-16 14:43:23+08:00
2977,3,6,CC_Chg,112.5,1.286289930343628,5.605957984924316,0.17518410086631775,0.0,0.20722328126430511,0.0,2024-07-16 14:43:23.500000+08:00
2978,3,6,CC_Chg,113,1.2867506742477417,5.605955123901367,0.17596270143985748,0.0,0.20822478830814362,0.0,2024-07-16 14:43:24+08:00
2979,3,6,CC_Chg,113.5,1.287151575088501,5.605946063995361,0.1767413169145584,0.0,0.20922665297985077,0.0,2024-07-16 14:43:24.500000+08:00
2980,3,6,CC_Chg,114,1.2875596284866333,5.6059370040893555,0.17751991748809814,0.0,0.2102288454771042,0.0,2024-07-16 14:43:25+08:00
2981,3,6,CC_Chg,114.5,1.2879652976989746,5.605933666229248,0.17829851806163788,0.0,0.21123133599758148,0.0,2024-07-16 14:43:25.500000+08:00
2982,3,6,CC_Chg,115,1.2884012460708618,5.605918884277344,0.1790771186351776,0.0,0.21223415434360504,0.0,2024-07-16 14:43:26+08:00
2983,3,6,CC_Chg,115.5,1.288789987564087,5.605912685394287,0.17985571920871735,0.0,0.21323730051517487,0.0,2024-07-16 14:43:26.500000+08:00
2984,3,6,CC_Chg,116,1.289245367050171,5.605921745300293,0.18063431978225708,0.0,0.21424074470996857,0.0,2024-07-16 14:43:27+08:00
2985,3,6,CC_Chg,116.5,1.289612889289856,5.6059250831604,0.18141292035579681,0.0,0.21524456143379211,0.0,2024-07-16 14:43:27.500000+08:00
2986,3,6,CC_Chg,117,1.2900434732437134,5.605915546417236,0.18219152092933655,0.0,0.21624864637851715,0.0,2024-07-16 14:43:28+08:00
2987,3,6,CC_Chg,117.5,1.2904545068740845,5.605921745300293,0.18297012150287628,0.0,0.21725307404994965,0.0,2024-07-16 14:43:28.500000+08:00
2988,3,6,CC_Chg,118,1.2908971309661865,5.605915546417236,0.18374872207641602,0.0,0.2182578295469284,0.0,2024-07-16 14:43:29+08:00
2989,3,6,CC_Chg,118.5,1.2912907600402832,5.60590934753418,0.18452732264995575,0.0,0.21926291286945343,0.0,2024-07-16 14:43:29.500000+08:00
2990,3,6,CC_Chg,119,1.2916964292526245,5.605912685394287,0.1853059083223343,0.0,0.22026830911636353,0.0,2024-07-16 14:43:30+08:00
2991,3,6,CC_Chg,119.5,1.2921034097671509,5.605897426605225,0.18608450889587402,0.0,0.22127403318881989,0.0,2024-07-16 14:43:30.500000+08:00
2992,3,6,CC_Chg,120,1.2925423383712769,5.605888366699219,0.18686310946941376,0.0,0.22228005528450012,0.0,2024-07-16 14:43:31+08:00
2993,3,6,CC_Chg,120.5,1.2929491996765137,5.60588264465332,0.1876417100429535,0.0,0.22328642010688782,0.0,2024-07-16 14:43:31.500000+08:00
2994,3,6,CC_Chg,121,1.293371319770813,5.605888366699219,0.18842029571533203,0.0,0.22429309785366058,0.0,2024-07-16 14:43:32+08:00
2995,3,6,CC_Chg,121.5,1.2938023805618286,5.605879306793213,0.18919889628887177,0.0,0.22532308101654053,0.0,2024-07-16 14:43:32+08:00
2996,3,6,CC_Chg,122,1.294248104095459,5.605873107910156,0.1899774819612503,0.0,0.22633042931556702,0.0,2024-07-16 14:43:32.500000+08:00
2997,3,6,CC_Chg,122.5,1.294643521308899,5.605876445770264,0.19075608253479004,0.0,0.22733812034130096,0.0,2024-07-16 14:43:33+08:00
2998,3,6,CC_Chg,123,1.2950334548950195,5.605873107910156,0.19153468310832977,0.0,0.22834612429141998,0.0,2024-07-16 14:43:33.500000+08:00
2999,3,6,CC_Chg,123.5,1.295483946800232,5.60588264465332,0.1923132687807083,0.0,0.22935442626476288,0.0,2024-07-16 14:43:34+08:00
3000,3,6,CC_Chg,124,1.295875072479248,5.605900764465332,0.19309186935424805,0.0,0.23036308586597443,0.0,2024-07-16 14:43:34.500000+08:00
3001,3,6,CC_Chg,124.5,1.2962722778320312,5.605897426605225,0.1938704550266266,0.0,0.23137204349040985,0.0,2024-07-16 14:43:35+08:00
3002,3,6,CC_Chg,125,1.2966973781585693,5.605897426605225,0.19464905560016632,0.0,0.23238131403923035,0.0,2024-07-16 14:43:35.500000+08:00
3003,3,6,CC_Chg,125.5,1.2971526384353638,5.605879306793213,0.19542765617370605,0.0,0.2333909273147583,0.0,2024-07-16 14:43:36+08:00
3004,3,6,CC_Chg,126,1.2975879907608032,5.60588264465332,0.1962062567472458,0.0,0.2344008833169937,0.0,2024-07-16 14:43:36.500000+08:00
3005,3,6,CC_Chg,126.5,1.2979422807693481,5.605876445770264,0.19698484241962433,0.0,0.23541118204593658,0.0,2024-07-16 14:43:37+08:00
3006,3,6,CC_Chg,127,1.298364281654358,5.605891227722168,0.19776344299316406,0.0,0.23642174899578094,0.0,2024-07-16 14:43:37.500000+08:00
3007,3,6,CC_Chg,127.5,1.2987542152404785,5.605894565582275,0.1985420286655426,0.0,0.23743264377117157,0.0,2024-07-16 14:43:38+08:00
3008,3,6,CC_Chg,128,1.2991974353790283,5.605894565582275,0.19932062923908234,0.0,0.23844385147094727,0.0,2024-07-16 14:43:38.500000+08:00
3009,3,6,CC_Chg,128.5,1.2995831966400146,5.605900764465332,0.20009922981262207,0.0,0.23945540189743042,0.0,2024-07-16 14:43:39+08:00
3010,3,6,CC_Chg,129,1.3000379800796509,5.605894565582275,0.2008778303861618,0.0,0.24046725034713745,0.0,2024-07-16 14:43:39.500000+08:00
3011,3,6,CC_Chg,129.5,1.3004230260849,5.60590934753418,0.20165641605854034,0.0,0.24147945642471313,0.0,2024-07-16 14:43:40+08:00
3012,3,6,CC_Chg,130,1.3008450269699097,5.605933666229248,0.20243501663208008,0.0,0.2424919605255127,0.0,2024-07-16 14:43:40.500000+08:00
3013,3,6,CC_Chg,130.5,1.3012380599975586,5.605939865112305,0.2032136172056198,0.0,0.24350480735301971,0.0,2024-07-16 14:43:41+08:00
3014,3,6,CC_Chg,131,1.3016515970230103,5.605955123901367,0.20399221777915955,0.0,0.2445179522037506,0.0,2024-07-16 14:43:41.500000+08:00
3015,3,6,CC_Chg,131.5,1.302074909210205,5.60595178604126,0.20477083325386047,0.0,0.24553142488002777,0.0,2024-07-16 14:43:42+08:00
3016,3,6,CC_Chg,132,1.3024975061416626,5.605943202972412,0.2055494338274002,0.0,0.2465452253818512,0.0,2024-07-16 14:43:42.500000+08:00
3017,3,6,CC_Chg,132.5,1.3029122352600098,5.60595178604126,0.20632803440093994,0.0,0.2475593537092209,0.0,2024-07-16 14:43:43+08:00
3018,3,6,CC_Chg,133,1.3032925128936768,5.605955123901367,0.20710663497447968,0.0,0.24857380986213684,0.0,2024-07-16 14:43:43.500000+08:00
3019,3,6,CC_Chg,133.5,1.3037139177322388,5.605943202972412,0.2078852504491806,0.0,0.24958856403827667,0.0,2024-07-16 14:43:44+08:00
3020,3,6,CC_Chg,134,1.3041189908981323,5.6059370040893555,0.20866385102272034,0.0,0.25060364603996277,0.0,2024-07-16 14:43:44.500000+08:00
3021,3,6,CC_Chg,134.5,1.3045114278793335,5.605946063995361,0.20944245159626007,0.0,0.25161904096603394,0.0,2024-07-16 14:43:45+08:00
3022,3,6,CC_Chg,135,1.3049062490463257,5.605946063995361,0.2102210521697998,0.0,0.252634733915329,0.0,2024-07-16 14:43:45.500000+08:00
3023,3,6,CC_Chg,135.5,1.305316686630249,5.6059250831604,0.21099965274333954,0.0,0.2536507248878479,0.0,2024-07-16 14:43:46+08:00
3024,3,6,CC_Chg,136,1.3057363033294678,5.605930805206299,0.21177825331687927,0.0,0.2546670436859131,0.0,2024-07-16 14:43:46.500000+08:00
3025,3,6,CC_Chg,136.5,1.306111216545105,5.605933666229248,0.212556853890419,0.0,0.25568369030952454,0.0,2024-07-16 14:43:47+08:00
3026,3,6,CC_Chg,137,1.3065381050109863,5.605915546417236,0.21333546936511993,0.0,0.25670063495635986,0.0,2024-07-16 14:43:47.500000+08:00
3027,3,6,CC_Chg,137.5,1.3069322109222412,5.60590934753418,0.21411405503749847,0.0,0.25771790742874146,0.0,2024-07-16 14:43:48+08:00
3028,3,6,CC_Chg,138,1.3073252439498901,5.605903625488281,0.2148926556110382,0.0,0.2587354779243469,0.0,2024-07-16 14:43:48.500000+08:00
3029,3,6,CC_Chg,138.5,1.3077527284622192,5.605903625488281,0.21567125618457794,0.0,0.25975337624549866,0.0,2024-07-16 14:43:49+08:00
3030,3,6,CC_Chg,139,1.3081632852554321,5.605912685394287,0.21644985675811768,0.0,0.26077157258987427,0.0,2024-07-16 14:43:49.500000+08:00
3031,3,6,CC_Chg,139.5,1.3085349798202515,5.605915546417236,0.2172284573316574,0.0,0.26179009675979614,0.0,2024-07-16 14:43:50+08:00
3032,3,6,CC_Chg,140,1.3089600801467896,5.6059250831604,0.21800705790519714,0.0,0.2628089487552643,0.0,2024-07-16 14:43:50.500000+08:00
3033,3,6,CC_Chg,140.5,1.3093403577804565,5.605921745300293,0.21878565847873688,0.0,0.2638280987739563,0.0,2024-07-16 14:43:51+08:00
3034,3,6,CC_Chg,141,1.3097503185272217,5.605918884277344,0.2195642590522766,0.0,0.2648475468158722,0.0,2024-07-16 14:43:51.500000+08:00
3035,3,6,CC_Chg,141.5,1.310179591178894,5.6059250831604,0.22034285962581635,0.0,0.26586732268333435,0.0,2024-07-16 14:43:52+08:00
3036,3,6,CC_Chg,142,1.3105404376983643,5.6059250831604,0.22112146019935608,0.0,0.2668874263763428,0.0,2024-07-16 14:43:52.500000+08:00
3037,3,6,CC_Chg,142.5,1.310970425605774,5.6059370040893555,0.2219000607728958,0.0,0.2679077982902527,0.0,2024-07-16 14:43:53+08:00
3038,3,6,CC_Chg,143,1.3113524913787842,5.605927467346191,0.22267866134643555,0.0,0.26892852783203125,0.0,2024-07-16 14:43:53.500000+08:00
3039,3,6,CC_Chg,143.5,1.3117623329162598,5.605927467346191,0.22345726191997528,0.0,0.2699495553970337,0.0,2024-07-16 14:43:54+08:00
3040,3,6,CC_Chg,144,1.3121529817581177,5.605927467346191,0.22423586249351501,0.0,0.2709709107875824,0.0,2024-07-16 14:43:54.500000+08:00
3041,3,6,CC_Chg,144.5,1.3125368356704712,5.6059250831604,0.22501446306705475,0.0,0.2719925343990326,0.0,2024-07-16 14:43:55+08:00
3042,3,6,CC_Chg,145,1.3129346370697021,5.6059064865112305,0.22579306364059448,0.0,0.27301448583602905,0.0,2024-07-16 14:43:55.500000+08:00
3043,3,6,CC_Chg,145.5,1.3133434057235718,5.605912685394287,0.22657166421413422,0.0,0.2740367352962494,0.0,2024-07-16 14:43:56+08:00
3044,3,6,CC_Chg,146,1.3137211799621582,5.605915546417236,0.22735026478767395,0.0,0.275059312582016,0.0,2024-07-16 14:43:56.500000+08:00
3045,3,6,CC_Chg,146.5,1.3141038417816162,5.605921745300293,0.22812886536121368,0.0,0.2760821580886841,0.0,2024-07-16 14:43:57+08:00
3046,3,6,CC_Chg,147,1.3145053386688232,5.605927467346191,0.22890746593475342,0.0,0.27710533142089844,0.0,2024-07-16 14:43:57.500000+08:00
3047,3,6,CC_Chg,147.5,1.3148964643478394,5.605930805206299,0.22968606650829315,0.0,0.27812880277633667,0.0,2024-07-16 14:43:58+08:00
3048,3,6,CC_Chg,148,1.3153094053268433,5.605927467346191,0.23046466708183289,0.0,0.2791525721549988,0.0,2024-07-16 14:43:58.500000+08:00
3049,3,6,CC_Chg,148.5,1.3156509399414062,5.605927467346191,0.23124326765537262,0.0,0.28017666935920715,0.0,2024-07-16 14:43:59+08:00
3050,3,6,CC_Chg,149,1.3161051273345947,5.605927467346191,0.23202186822891235,0.0,0.281201034784317,0.0,2024-07-16 14:43:59.500000+08:00
3051,3,6,CC_Chg,149.5,1.3164968490600586,5.605930805206299,0.2328004688024521,0.0,0.28222575783729553,0.0,2024-07-16 14:44:00+08:00
3052,3,6,CC_Chg,150,1.3168535232543945,5.605918884277344,0.23357906937599182,0.0,0.2832507789134979,0.0,2024-07-16 14:44:00.500000+08:00
3053,3,6,CC_Chg,150.5,1.3172664642333984,5.605918884277344,0.23435766994953156,0.0,0.2842760980129242,0.0,2024-07-16 14:44:01+08:00
3054,3,6,CC_Chg,151,1.3176302909851074,5.605927467346191,0.2351362705230713,0.0,0.28530171513557434,0.0,2024-07-16 14:44:01.500000+08:00
3055,3,6,CC_Chg,151.5,1.318066954612732,5.605939865112305,0.23591487109661102,0.0,0.28632763028144836,0.0,2024-07-16 14:44:02+08:00
3056,3,6,CC_Chg,152,1.3184313774108887,5.605955123901367,0.23669347167015076,0.0,0.28735387325286865,0.0,2024-07-16 14:44:02.500000+08:00
3057,3,6,CC_Chg,152.5,1.3188189268112183,5.605957984924316,0.2374720722436905,0.0,0.2883804142475128,0.0,2024-07-16 14:44:03+08:00
3058,3,6,CC_Chg,153,1.3192204236984253,5.60595178604126,0.23825068771839142,0.0,0.28940725326538086,0.0,2024-07-16 14:44:03.500000+08:00
3059,3,6,CC_Chg,153.5,1.3195806741714478,5.605927467346191,0.23902928829193115,0.0,0.29043442010879517,0.0,2024-07-16 14:44:04+08:00
3060,3,6,CC_Chg,154,1.319995403289795,5.605915546417236,0.2398078888654709,0.0,0.2914618253707886,0.0,2024-07-16 14:44:04.500000+08:00
3061,3,6,CC_Chg,154.5,1.3203927278518677,5.605918884277344,0.24058648943901062,0.0,0.29248958826065063,0.0,2024-07-16 14:44:05+08:00
3062,3,6,CC_Chg,155,1.3207329511642456,5.6059250831604,0.24136509001255035,0.0,0.2935176491737366,0.0,2024-07-16 14:44:05.500000+08:00
3063,3,6,CC_Chg,155.5,1.3211283683776855,5.605912685394287,0.2421436905860901,0.0,0.2945459485054016,0.0,2024-07-16 14:44:06+08:00
3064,3,6,CC_Chg,156,1.3215479850769043,5.6059064865112305,0.24292229115962982,0.0,0.2955745756626129,0.0,2024-07-16 14:44:06.500000+08:00
3065,3,6,CC_Chg,156.5,1.321916103363037,5.605915546417236,0.24370087683200836,0.0,0.2966035306453705,0.0,2024-07-16 14:44:07+08:00
3066,3,6,CC_Chg,157,1.3223145008087158,5.605927467346191,0.2444794774055481,0.0,0.29763278365135193,0.0,2024-07-16 14:44:07.500000+08:00
3067,3,6,CC_Chg,157.5,1.3226990699768066,5.6059370040893555,0.24525807797908783,0.0,0.29866233468055725,0.0,2024-07-16 14:44:08+08:00
3068,3,6,CC_Chg,158,1.3230648040771484,5.605930805206299,0.24603667855262756,0.0,0.29969221353530884,0.0,2024-07-16 14:44:08.500000+08:00
3069,3,6,CC_Chg,158.5,1.3234213590621948,5.605939865112305,0.2468152940273285,0.0,0.3007223308086395,0.0,2024-07-16 14:44:09+08:00
3070,3,6,CC_Chg,159,1.3238525390625,5.605946063995361,0.24759389460086823,0.0,0.3017527461051941,0.0,2024-07-16 14:44:09.500000+08:00
3071,3,6,CC_Chg,159.5,1.3242194652557373,5.605961322784424,0.24837249517440796,0.0,0.3027835190296173,0.0,2024-07-16 14:44:10+08:00
3072,3,6,CC_Chg,160,1.3246058225631714,5.605943202972412,0.2491510957479477,0.0,0.303814560174942,0.0,2024-07-16 14:44:10.500000+08:00
3073,3,6,CC_Chg,160.5,1.3249993324279785,5.605955123901367,0.24992969632148743,0.0,0.3048458993434906,0.0,2024-07-16 14:44:11+08:00
3074,3,6,CC_Chg,161,1.3253711462020874,5.605955123901367,0.25070831179618835,0.0,0.30587756633758545,0.0,2024-07-16 14:44:11.500000+08:00
3075,3,6,CC_Chg,161.5,1.3257520198822021,5.60595178604126,0.2514869272708893,0.0,0.3069095015525818,0.0,2024-07-16 14:44:12+08:00
3076,3,6,CC_Chg,162,1.3261305093765259,5.6059489250183105,0.2522655129432678,0.0,0.307941734790802,0.0,2024-07-16 14:44:12.500000+08:00
3077,3,6,CC_Chg,162.5,1.3265058994293213,5.6059489250183105,0.25304412841796875,0.0,0.3089742660522461,0.0,2024-07-16 14:44:13+08:00
3078,3,6,CC_Chg,163,1.3269121646881104,5.605943202972412,0.2538227140903473,0.0,0.31000709533691406,0.0,2024-07-16 14:44:13.500000+08:00
3079,3,6,CC_Chg,163.5,1.3272525072097778,5.605943202972412,0.2546013295650482,0.0,0.3110402226448059,0.0,2024-07-16 14:44:14+08:00
3080,3,6,CC_Chg,164,1.3276472091674805,5.605946063995361,0.25537994503974915,0.0,0.31207361817359924,0.0,2024-07-16 14:44:14.500000+08:00
3081,3,6,CC_Chg,164.5,1.32801353931427,5.605927467346191,0.2561585307121277,0.0,0.31310734152793884,0.0,2024-07-16 14:44:15+08:00
3082,3,6,CC_Chg,165,1.3284162282943726,5.605927467346191,0.2569371461868286,0.0,0.31414133310317993,0.0,2024-07-16 14:44:15.500000+08:00
3083,3,6,CC_Chg,165.5,1.3287856578826904,5.605915546417236,0.25771573185920715,0.0,0.3151756227016449,0.0,2024-07-16 14:44:16+08:00
3084,3,6,CC_Chg,166,1.3291634321212769,5.6059064865112305,0.2584943473339081,0.0,0.31621024012565613,0.0,2024-07-16 14:44:16.500000+08:00
3085,3,6,CC_Chg,166.5,1.329511046409607,5.605918884277344,0.2592729330062866,0.0,0.31724512577056885,0.0,2024-07-16 14:44:17+08:00
3086,3,6,CC_Chg,167,1.3299294710159302,5.605915546417236,0.26005154848098755,0.0,0.31828027963638306,0.0,2024-07-16 14:44:17.500000+08:00
3087,3,6,CC_Chg,167.5,1.3302854299545288,5.6059064865112305,0.2608301341533661,0.0,0.31931576132774353,0.0,2024-07-16 14:44:18+08:00
3088,3,6,CC_Chg,168,1.330671787261963,5.605915546417236,0.26160871982574463,0.0,0.3203515112400055,0.0,2024-07-16 14:44:18.500000+08:00
3089,3,6,CC_Chg,168.5,1.3310489654541016,5.60590934753418,0.26238733530044556,0.0,0.32138755917549133,0.0,2024-07-16 14:44:19+08:00
3090,3,6,CC_Chg,169,1.3314383029937744,5.605897426605225,0.2631659209728241,0.0,0.32242393493652344,0.0,2024-07-16 14:44:19.500000+08:00
3091,3,6,CC_Chg,169.5,1.331802248954773,5.605897426605225,0.263944536447525,0.0,0.32346057891845703,0.0,2024-07-16 14:44:20+08:00
3092,3,6,CC_Chg,170,1.3321915864944458,5.605897426605225,0.26472312211990356,0.0,0.3244975209236145,0.0,2024-07-16 14:44:20.500000+08:00
3093,3,6,CC_Chg,170.5,1.332526445388794,5.605891227722168,0.2655017077922821,0.0,0.32553476095199585,0.0,2024-07-16 14:44:21+08:00
3094,3,6,CC_Chg,171,1.3329545259475708,5.60590934753418,0.26628032326698303,0.0,0.3265722393989563,0.0,2024-07-16 14:44:21.500000+08:00
3095,3,6,CC_Chg,171.5,1.3333081007003784,5.605903625488281,0.2670589089393616,0.0,0.3276100754737854,0.0,2024-07-16 14:44:22+08:00
3096,3,6,CC_Chg,172,1.3337090015411377,5.605915546417236,0.2678375244140625,0.0,0.3286482095718384,0.0,2024-07-16 14:44:22.500000+08:00
3097,3,6,CC_Chg,172.5,1.3340916633605957,5.605921745300293,0.26861611008644104,0.0,0.32968661189079285,0.0,2024-07-16 14:44:23+08:00
3098,3,6,CC_Chg,173,1.3344573974609375,5.605921745300293,0.26939472556114197,0.0,0.3307253420352936,0.0,2024-07-16 14:44:23.500000+08:00
3099,3,6,CC_Chg,173.5,1.3347952365875244,5.605930805206299,0.2701733112335205,0.0,0.3317643702030182,0.0,2024-07-16 14:44:24+08:00
3100,3,6,CC_Chg,174,1.3351876735687256,5.605915546417236,0.27095192670822144,0.0,0.3328036367893219,0.0,2024-07-16 14:44:24.500000+08:00
3101,3,6,CC_Chg,174.5,1.3355473279953003,5.605930805206299,0.2717305123806,0.0,0.3338432013988495,0.0,2024-07-16 14:44:25+08:00
3102,3,6,CC_Chg,175,1.335898518562317,5.605930805206299,0.2725091278553009,0.0,0.33488306403160095,0.0,2024-07-16 14:44:25.500000+08:00
3103,3,6,CC_Chg,175.5,1.3363169431686401,5.605921745300293,0.27328771352767944,0.0,0.3359231948852539,0.0,2024-07-16 14:44:26+08:00
3104,3,6,CC_Chg,176,1.3366899490356445,5.605918884277344,0.27406632900238037,0.0,0.3369636535644531,0.0,2024-07-16 14:44:26.500000+08:00
3105,3,6,CC_Chg,176.5,1.337046504020691,5.605903625488281,0.2748449146747589,0.0,0.3380044102668762,0.0,2024-07-16 14:44:27+08:00
3106,3,6,CC_Chg,177,1.337426781654358,5.6059064865112305,0.27562350034713745,0.0,0.3390454351902008,0.0,2024-07-16 14:44:27.500000+08:00
3107,3,6,CC_Chg,177.5,1.337746500968933,5.6059064865112305,0.2764021158218384,0.0,0.3400867283344269,0.0,2024-07-16 14:44:28+08:00
3108,3,6,CC_Chg,178,1.3381460905075073,5.6059250831604,0.2771807014942169,0.0,0.34112831950187683,0.0,2024-07-16 14:44:28.500000+08:00
3109,3,6,CC_Chg,178.5,1.3385282754898071,5.605930805206299,0.27795931696891785,0.0,0.34217017889022827,0.0,2024-07-16 14:44:29+08:00
3110,3,6,CC_Chg,179,1.3389229774475098,5.6059250831604,0.2787379026412964,0.0,0.343212366104126,0.0,2024-07-16 14:44:29.500000+08:00
3111,3,6,CC_Chg,179.5,1.3393056392669678,5.605915546417236,0.2795165181159973,0.0,0.34425485134124756,0.0,2024-07-16 14:44:30+08:00
3112,3,6,CC_Chg,180,1.3396672010421753,5.60590934753418,0.28029510378837585,0.0,0.345297634601593,0.0,2024-07-16 14:44:30.500000+08:00
3113,3,6,CC_Chg,180.5,1.3400286436080933,5.605912685394287,0.2810737192630768,0.0,0.34634071588516235,0.0,2024-07-16 14:44:31+08:00
3114,3,6,CC_Chg,181,1.3403998613357544,5.605927467346191,0.2818523049354553,0.0,0.3473840355873108,0.0,2024-07-16 14:44:31.500000+08:00
3115,3,6,CC_Chg,181.5,1.3407559394836426,5.605930805206299,0.28263092041015625,0.0,0.3484276831150055,0.0,2024-07-16 14:44:32+08:00
3116,3,6,CC_Chg,182,1.3411258459091187,5.605930805206299,0.2834095358848572,0.0,0.34949353337287903,0.0,2024-07-16 14:44:33+08:00
3117,3,6,CC_Chg,182.5,1.3415049314498901,5.605915546417236,0.2841881215572357,0.0,0.3505377173423767,0.0,2024-07-16 14:44:33.500000+08:00
3118,3,6,CC_Chg,183,1.3418561220169067,5.605921745300293,0.28496670722961426,0.0,0.35158222913742065,0.0,2024-07-16 14:44:34+08:00
3119,3,6,CC_Chg,183.5,1.3422472476959229,5.60590934753418,0.2857453227043152,0.0,0.3526269793510437,0.0,2024-07-16 14:44:34.500000+08:00
3120,3,6,CC_Chg,184,1.342638373374939,5.605912685394287,0.2865239083766937,0.0,0.353672057390213,0.0,2024-07-16 14:44:35+08:00
3121,3,6,CC_Chg,184.5,1.3429932594299316,5.60590934753418,0.28730252385139465,0.0,0.3547174334526062,0.0,2024-07-16 14:44:35.500000+08:00
3122,3,6,CC_Chg,185,1.3433438539505005,5.605903625488281,0.2880811095237732,0.0,0.3557630777359009,0.0,2024-07-16 14:44:36+08:00
3123,3,6,CC_Chg,185.5,1.343740463256836,5.605897426605225,0.2888597249984741,0.0,0.35680902004241943,0.0,2024-07-16 14:44:36.500000+08:00
3124,3,6,CC_Chg,186,1.3440806865692139,5.605900764465332,0.28963831067085266,0.0,0.35785526037216187,0.0,2024-07-16 14:44:37+08:00
3125,3,6,CC_Chg,186.5,1.344490647315979,5.605897426605225,0.2904168963432312,0.0,0.3589017391204834,0.0,2024-07-16 14:44:37.500000+08:00
3126,3,6,CC_Chg,187,1.3448351621627808,5.605894565582275,0.29119551181793213,0.0,0.3599485754966736,0.0,2024-07-16 14:44:38+08:00
3127,3,6,CC_Chg,187.5,1.3452045917510986,5.605903625488281,0.29197409749031067,0.0,0.36099565029144287,0.0,2024-07-16 14:44:38.500000+08:00
3128,3,6,CC_Chg,188,1.3455969095230103,5.605897426605225,0.2927527129650116,0.0,0.36204302310943604,0.0,2024-07-16 14:44:39+08:00
3129,3,6,CC_Chg,188.5,1.345971703529358,5.605903625488281,0.29353129863739014,0.0,0.3630906939506531,0.0,2024-07-16 14:44:39.500000+08:00
3130,3,6,CC_Chg,189,1.3463095426559448,5.605900764465332,0.2943098843097687,0.0,0.364138662815094,0.0,2024-07-16 14:44:40+08:00
3131,3,6,CC_Chg,189.5,1.3466976881027222,5.605894565582275,0.2950884997844696,0.0,0.3651868999004364,0.0,2024-07-16 14:44:40.500000+08:00
3132,3,6,CC_Chg,190,1.3470640182495117,5.605897426605225,0.29586708545684814,0.0,0.3662354350090027,0.0,2024-07-16 14:44:41+08:00
3133,3,6,CC_Chg,190.5,1.3474146127700806,5.605897426605225,0.2966457009315491,0.0,0.36728426814079285,0.0,2024-07-16 14:44:41.500000+08:00
3134,3,6,CC_Chg,191,1.3478196859359741,5.605900764465332,0.2974242866039276,0.0,0.3683333396911621,0.0,2024-07-16 14:44:42+08:00
3135,3,6,CC_Chg,191.5,1.348161220550537,5.605903625488281,0.29820287227630615,0.0,0.3693827688694,0.0,2024-07-16 14:44:42.500000+08:00
3136,3,6,CC_Chg,192,1.348539113998413,5.6058855056762695,0.2989814877510071,0.0,0.37043243646621704,0.0,2024-07-16 14:44:43+08:00
3137,3,6,CC_Chg,192.5,1.3488963842391968,5.605876445770264,0.2997600734233856,0.0,0.37148240208625793,0.0,2024-07-16 14:44:43.500000+08:00
3138,3,6,CC_Chg,193,1.3492590188980103,5.605879306793213,0.30053865909576416,0.0,0.3725326359272003,0.0,2024-07-16 14:44:44+08:00
3139,3,6,CC_Chg,193.5,1.3496477603912354,5.605870246887207,0.3013172745704651,0.0,0.3735831677913666,0.0,2024-07-16 14:44:44.500000+08:00
3140,3,6,CC_Chg,194,1.3500111103057861,5.60588264465332,0.30209586024284363,0.0,0.3746339976787567,0.0,2024-07-16 14:44:45+08:00
3141,3,6,CC_Chg,194.5,1.3504185676574707,5.60588264465332,0.30287444591522217,0.0,0.37568509578704834,0.0,2024-07-16 14:44:45.500000+08:00
3142,3,6,CC_Chg,195,1.3507583141326904,5.605891227722168,0.3036530315876007,0.0,0.37673652172088623,0.0,2024-07-16 14:44:46+08:00
3143,3,6,CC_Chg,195.5,1.3511621952056885,5.605891227722168,0.30443164706230164,0.0,0.3777882158756256,0.0,2024-07-16 14:44:46.500000+08:00
3144,3,6,CC_Chg,196,1.3515363931655884,5.605900764465332,0.3052102327346802,0.0,0.37884023785591125,0.0,2024-07-16 14:44:47+08:00
3145,3,6,CC_Chg,196.5,1.3519214391708374,5.605888366699219,0.3059888482093811,0.0,0.3798925280570984,0.0,2024-07-16 14:44:47.500000+08:00
3146,3,6,CC_Chg,197,1.3522580862045288,5.605897426605225,0.30676743388175964,0.0,0.3809451460838318,0.0,2024-07-16 14:44:48+08:00
3147,3,6,CC_Chg,197.5,1.352618932723999,5.6059064865112305,0.3075460195541382,0.0,0.3819980025291443,0.0,2024-07-16 14:44:48.500000+08:00
3148,3,6,CC_Chg,198,1.3530186414718628,5.605900764465332,0.3083246350288391,0.0,0.38305115699768066,0.0,2024-07-16 14:44:49+08:00
3149,3,6,CC_Chg,198.5,1.3533728122711182,5.605912685394287,0.30910322070121765,0.0,0.3841046094894409,0.0,2024-07-16 14:44:49.500000+08:00
3150,3,6,CC_Chg,199,1.35373854637146,5.605900764465332,0.3098818063735962,0.0,0.38515833020210266,0.0,2024-07-16 14:44:50+08:00
3151,3,6,CC_Chg,199.5,1.3541290760040283,5.605903625488281,0.3106604218482971,0.0,0.3862123489379883,0.0,2024-07-16 14:44:50.500000+08:00
3152,3,6,CC_Chg,200,1.3545209169387817,5.605891227722168,0.31143900752067566,0.0,0.3872666656970978,0.0,2024-07-16 14:44:51+08:00
3153,3,6,CC_Chg,200.5,1.3548835515975952,5.605897426605225,0.3122176229953766,0.0,0.38832131028175354,0.0,2024-07-16 14:44:51.500000+08:00
3154,3,6,CC_Chg,201,1.3552662134170532,5.605900764465332,0.3129962086677551,0.0,0.3893762230873108,0.0,2024-07-16 14:44:52+08:00
3155,3,6,CC_Chg,201.5,1.3556193113327026,5.60590934753418,0.31377479434013367,0.0,0.39043140411376953,0.0,2024-07-16 14:44:52.500000+08:00
3156,3,6,CC_Chg,202,1.3559856414794922,5.605912685394287,0.3145534098148346,0.0,0.39148691296577454,0.0,2024-07-16 14:44:53+08:00
3157,3,6,CC_Chg,202.5,1.3563464879989624,5.605918884277344,0.31533199548721313,0.0,0.39254266023635864,0.0,2024-07-16 14:44:53.500000+08:00
3158,3,6,CC_Chg,203,1.3567454814910889,5.6059250831604,0.31611061096191406,0.0,0.393598735332489,0.0,2024-07-16 14:44:54+08:00
3159,3,6,CC_Chg,203.5,1.3571414947509766,5.605921745300293,0.3168891966342926,0.0,0.3946550786495209,0.0,2024-07-16 14:44:54.500000+08:00
3160,3,6,CC_Chg,204,1.3574914932250977,5.6059064865112305,0.31766781210899353,0.0,0.395711749792099,0.0,2024-07-16 14:44:55+08:00
3161,3,6,CC_Chg,204.5,1.3578729629516602,5.605897426605225,0.31844639778137207,0.0,0.3967686891555786,0.0,2024-07-16 14:44:55.500000+08:00
3162,3,6,CC_Chg,205,1.3582375049591064,5.6059064865112305,0.319225013256073,0.0,0.3978259265422821,0.0,2024-07-16 14:44:56+08:00
3163,3,6,CC_Chg,205.5,1.3585995435714722,5.605921745300293,0.32000359892845154,0.0,0.3988834619522095,0.0,2024-07-16 14:44:56.500000+08:00
3164,3,6,CC_Chg,206,1.3590118885040283,5.605903625488281,0.3207821846008301,0.0,0.39994126558303833,0.0,2024-07-16 14:44:57+08:00
3165,3,6,CC_Chg,206.5,1.359351634979248,5.60590934753418,0.321560800075531,0.0,0.40099939703941345,0.0,2024-07-16 14:44:57.500000+08:00
3166,3,6,CC_Chg,207,1.3597222566604614,5.605915546417236,0.32233938574790955,0.0,0.4020577669143677,0.0,2024-07-16 14:44:58+08:00
3167,3,6,CC_Chg,207.5,1.3601157665252686,5.605927467346191,0.3231180012226105,0.0,0.40311646461486816,0.0,2024-07-16 14:44:58.500000+08:00
3168,3,6,CC_Chg,208,1.3605002164840698,5.605927467346191,0.323896586894989,0.0,0.40417543053627014,0.0,2024-07-16 14:44:59+08:00
3169,3,6,CC_Chg,208.5,1.3608962297439575,5.605946063995361,0.32467520236968994,0.0,0.4052347242832184,0.0,2024-07-16 14:44:59.500000+08:00
3170,3,6,CC_Chg,209,1.361249327659607,5.6059489250183105,0.3254537880420685,0.0,0.4062943160533905,0.0,2024-07-16 14:45:00+08:00
3171,3,6,CC_Chg,209.5,1.3616416454315186,5.60595178604126,0.3262324035167694,0.0,0.4073542058467865,0.0,2024-07-16 14:45:00.500000+08:00
3172,3,6,CC_Chg,210,1.3620213270187378,5.605955123901367,0.32701101899147034,0.0,0.408414363861084,0.0,2024-07-16 14:45:01+08:00
3173,3,6,CC_Chg,210.5,1.362385869026184,5.605957984924316,0.3277896046638489,0.0,0.40947484970092773,0.0,2024-07-16 14:45:01.500000+08:00
3174,3,6,CC_Chg,211,1.3627805709838867,5.605943202972412,0.3285682201385498,0.0,0.410535603761673,0.0,2024-07-16 14:45:02+08:00
3175,3,6,CC_Chg,211.5,1.363140344619751,5.6059370040893555,0.32934683561325073,0.0,0.4115966856479645,0.0,2024-07-16 14:45:02.500000+08:00
3176,3,6,CC_Chg,212,1.363495111465454,5.605915546417236,0.3301254212856293,0.0,0.41265803575515747,0.0,2024-07-16 14:45:03+08:00
3177,3,6,CC_Chg,212.5,1.3639243841171265,5.605921745300293,0.3309040367603302,0.0,0.41371965408325195,0.0,2024-07-16 14:45:03.500000+08:00
3178,3,6,CC_Chg,213,1.3642677068710327,5.605918884277344,0.33168262243270874,0.0,0.4147816002368927,0.0,2024-07-16 14:45:04+08:00
3179,3,6,CC_Chg,213.5,1.3646552562713623,5.605921745300293,0.3324612081050873,0.0,0.41584381461143494,0.0,2024-07-16 14:45:04.500000+08:00
3180,3,6,CC_Chg,214,1.3650294542312622,5.605930805206299,0.3332398235797882,0.0,0.41690632700920105,0.0,2024-07-16 14:45:05+08:00
3181,3,6,CC_Chg,214.5,1.365418791770935,5.605930805206299,0.33401843905448914,0.0,0.41796913743019104,0.0,2024-07-16 14:45:05.500000+08:00
3182,3,6,CC_Chg,215,1.3658069372177124,5.605939865112305,0.3347970247268677,0.0,0.4190322756767273,0.0,2024-07-16 14:45:06+08:00
3183,3,6,CC_Chg,215.5,1.3661762475967407,5.605961322784424,0.3355756402015686,0.0,0.42009568214416504,0.0,2024-07-16 14:45:06.500000+08:00
3184,3,6,CC_Chg,216,1.3665850162506104,5.605964183807373,0.33635422587394714,0.0,0.42115938663482666,0.0,2024-07-16 14:45:07+08:00
3185,3,6,CC_Chg,216.5,1.3669489622116089,5.605973243713379,0.33713284134864807,0.0,0.42222341895103455,0.0,2024-07-16 14:45:07.500000+08:00
3186,3,6,CC_Chg,217,1.3673110008239746,5.6059794425964355,0.337911456823349,0.0,0.4232877492904663,0.0,2024-07-16 14:45:08+08:00
3187,3,6,CC_Chg,217.5,1.3677172660827637,5.6059699058532715,0.33869004249572754,0.0,0.42435234785079956,0.0,2024-07-16 14:45:08.500000+08:00
3188,3,6,CC_Chg,218,1.3680849075317383,5.605973243713379,0.33946865797042847,0.0,0.4254172444343567,0.0,2024-07-16 14:45:09+08:00
3189,3,6,CC_Chg,218.5,1.3685075044631958,5.605973243713379,0.3402472734451294,0.0,0.4264824688434601,0.0,2024-07-16 14:45:09.500000+08:00
3190,3,6,CC_Chg,219,1.3688623905181885,5.6059794425964355,0.3410258889198303,0.0,0.42754799127578735,0.0,2024-07-16 14:45:10+08:00
3191,3,6,CC_Chg,219.5,1.3692625761032104,5.605964183807373,0.34180447459220886,0.0,0.4286138117313385,0.0,2024-07-16 14:45:10.500000+08:00
3192,3,6,CC_Chg,220,1.369641661643982,5.605961322784424,0.3425830900669098,0.0,0.42967990040779114,0.0,2024-07-16 14:45:11+08:00
3193,3,6,CC_Chg,220.5,1.3699849843978882,5.605967044830322,0.3433617055416107,0.0,0.43074631690979004,0.0,2024-07-16 14:45:11.500000+08:00
3194,3,6,CC_Chg,221,1.3703973293304443,5.605973243713379,0.34414029121398926,0.0,0.43181300163269043,0.0,2024-07-16 14:45:12+08:00
3195,3,6,CC_Chg,221.5,1.370792031288147,5.605964183807373,0.3449189066886902,0.0,0.4328800141811371,0.0,2024-07-16 14:45:12.500000+08:00
3196,3,6,CC_Chg,222,1.3711777925491333,5.605946063995361,0.3456975221633911,0.0,0.4339473247528076,0.0,2024-07-16 14:45:13+08:00
3197,3,6,CC_Chg,222.5,1.3715531826019287,5.6059370040893555,0.34647610783576965,0.0,0.43501490354537964,0.0,2024-07-16 14:45:13.500000+08:00
3198,3,6,CC_Chg,223,1.3719576597213745,5.605927467346191,0.3472547233104706,0.0,0.4360828101634979,0.0,2024-07-16 14:45:14+08:00
3199,3,6,CC_Chg,223.5,1.3723264932632446,5.605933666229248,0.3480333387851715,0.0,0.4371510148048401,0.0,2024-07-16 14:45:14.500000+08:00
3200,3,6,CC_Chg,224,1.3727127313613892,5.6059489250183105,0.34881192445755005,0.0,0.43821951746940613,0.0,2024-07-16 14:45:15+08:00
3201,3,6,CC_Chg,224.5,1.3730990886688232,5.6059489250183105,0.349590539932251,0.0,0.43928831815719604,0.0,2024-07-16 14:45:15.500000+08:00
3202,3,6,CC_Chg,225,1.373482346534729,5.605955123901367,0.3503691256046295,0.0,0.44035741686820984,0.0,2024-07-16 14:45:16+08:00
3203,3,6,CC_Chg,225.5,1.3738874197006226,5.605955123901367,0.35114774107933044,0.0,0.4414268136024475,0.0,2024-07-16 14:45:16.500000+08:00
3204,3,6,CC_Chg,226,1.3743064403533936,5.605961322784424,0.35192635655403137,0.0,0.44249653816223145,0.0,2024-07-16 14:45:17+08:00
3205,3,6,CC_Chg,226.5,1.374677062034607,5.605961322784424,0.3527049422264099,0.0,0.44356656074523926,0.0,2024-07-16 14:45:17.500000+08:00
3206,3,6,CC_Chg,227,1.3751026391983032,5.605957984924316,0.35348355770111084,0.0,0.44463691115379333,0.0,2024-07-16 14:45:18+08:00
3207,3,6,CC_Chg,227.5,1.375487208366394,5.6059489250183105,0.35426217317581177,0.0,0.4457075595855713,0.0,2024-07-16 14:45:18.500000+08:00
3208,3,6,CC_Chg,228,1.3758940696716309,5.605955123901367,0.3550407588481903,0.0,0.4467785358428955,0.0,2024-07-16 14:45:19+08:00
3209,3,6,CC_Chg,228.5,1.3762495517730713,5.605961322784424,0.35581937432289124,0.0,0.4478498101234436,0.0,2024-07-16 14:45:19.500000+08:00
3210,3,6,CC_Chg,229,1.3766298294067383,5.6059489250183105,0.35659798979759216,0.0,0.4489213526248932,0.0,2024-07-16 14:45:20+08:00
3211,3,6,CC_Chg,229.5,1.3770185708999634,5.605946063995361,0.3573765754699707,0.0,0.44999322295188904,0.0,2024-07-16 14:45:20.500000+08:00
3212,3,6,CC_Chg,230,1.3774429559707642,5.6059370040893555,0.35815519094467163,0.0,0.4510653614997864,0.0,2024-07-16 14:45:21+08:00
3213,3,6,CC_Chg,230.5,1.3778287172317505,5.605930805206299,0.35893377661705017,0.0,0.45213782787323,0.0,2024-07-16 14:45:21.500000+08:00
3214,3,6,CC_Chg,231,1.378246545791626,5.605939865112305,0.3597123920917511,0.0,0.45321062207221985,0.0,2024-07-16 14:45:22+08:00
3215,3,6,CC_Chg,231.5,1.3786351680755615,5.605943202972412,0.36049097776412964,0.0,0.4542837142944336,0.0,2024-07-16 14:45:22.500000+08:00
3216,3,6,CC_Chg,232,1.378996729850769,5.605946063995361,0.36126959323883057,0.0,0.4553571343421936,0.0,2024-07-16 14:45:23+08:00
3217,3,6,CC_Chg,232.5,1.3794230222702026,5.605946063995361,0.3620482087135315,0.0,0.4564308226108551,0.0,2024-07-16 14:45:23.500000+08:00
3218,3,6,CC_Chg,233,1.379807472229004,5.605933666229248,0.36282679438591003,0.0,0.45750483870506287,0.0,2024-07-16 14:45:24+08:00
3219,3,6,CC_Chg,233.5,1.3802258968353271,5.605918884277344,0.36360540986061096,0.0,0.4585791826248169,0.0,2024-07-16 14:45:24.500000+08:00
3220,3,6,CC_Chg,234,1.3806030750274658,5.605912685394287,0.3643839955329895,0.0,0.4596538245677948,0.0,2024-07-16 14:45:25+08:00
3221,3,6,CC_Chg,234.5,1.3810161352157593,5.6059064865112305,0.36516261100769043,0.0,0.4607287645339966,0.0,2024-07-16 14:45:25.500000+08:00
3222,3,6,CC_Chg,235,1.3814078569412231,5.605903625488281,0.36594119668006897,0.0,0.46180400252342224,0.0,2024-07-16 14:45:26+08:00
3223,3,6,CC_Chg,235.5,1.3818243741989136,5.60590934753418,0.3667198121547699,0.0,0.46287956833839417,0.0,2024-07-16 14:45:26.500000+08:00
3224,3,6,CC_Chg,236,1.3822144269943237,5.60590934753418,0.36749839782714844,0.0,0.46395546197891235,0.0,2024-07-16 14:45:27+08:00
3225,3,6,CC_Chg,236.5,1.382620096206665,5.605912685394287,0.368276983499527,0.0,0.4650316536426544,0.0,2024-07-16 14:45:27.500000+08:00
3226,3,6,CC_Chg,237,1.383026361465454,5.6059064865112305,0.3690555989742279,0.0,0.46610814332962036,0.0,2024-07-16 14:45:28+08:00
3227,3,6,CC_Chg,237.5,1.3834381103515625,5.605903625488281,0.36983418464660645,0.0,0.46718499064445496,0.0,2024-07-16 14:45:28.500000+08:00
3228,3,6,CC_Chg,238,1.3838341236114502,5.605918884277344,0.3706128001213074,0.0,0.46826210618019104,0.0,2024-07-16 14:45:29+08:00
3229,3,6,CC_Chg,238.5,1.3842567205429077,5.605933666229248,0.3713913857936859,0.0,0.4693395793437958,0.0,2024-07-16 14:45:29.500000+08:00
3230,3,6,CC_Chg,239,1.3846800327301025,5.605957984924316,0.37217000126838684,0.0,0.4704173505306244,0.0,2024-07-16 14:45:30+08:00
3231,3,6,CC_Chg,239.5,1.385082721710205,5.605957984924316,0.3729485869407654,0.0,0.47149547934532166,0.0,2024-07-16 14:45:30.500000+08:00
3232,3,6,CC_Chg,240,1.3854974508285522,5.605961322784424,0.3737272024154663,0.0,0.4725739061832428,0.0,2024-07-16 14:45:31+08:00
3233,3,6,CC_Chg,240.5,1.385898232460022,5.605961322784424,0.37450581789016724,0.0,0.4736526608467102,0.0,2024-07-16 14:45:31.500000+08:00
3234,3,6,CC_Chg,241,1.386278510093689,5.605955123901367,0.3752844035625458,0.0,0.4747317433357239,0.0,2024-07-16 14:45:32+08:00
3235,3,6,CC_Chg,241.5,1.3866945505142212,5.605946063995361,0.3760630190372467,0.0,0.47581109404563904,0.0,2024-07-16 14:45:32.500000+08:00
3236,3,6,CC_Chg,242,1.387118935585022,5.605946063995361,0.37684163451194763,0.0,0.47689077258110046,0.0,2024-07-16 14:45:33+08:00
3237,3,6,CC_Chg,242.5,1.3875149488449097,5.605961322784424,0.37762022018432617,0.0,0.47799253463745117,0.0,2024-07-16 14:45:33+08:00
3238,3,6,CC_Chg,243,1.3879497051239014,5.605957984924316,0.3783988356590271,0.0,0.47907283902168274,0.0,2024-07-16 14:45:33.500000+08:00
3239,3,6,CC_Chg,243.5,1.3883148431777954,5.605957984924316,0.37917742133140564,0.0,0.48015350103378296,0.0,2024-07-16 14:45:34+08:00
3240,3,6,CC_Chg,244,1.388775110244751,5.605961322784424,0.37995603680610657,0.0,0.48123446106910706,0.0,2024-07-16 14:45:34.500000+08:00
3241,3,6,CC_Chg,244.5,1.389211654663086,5.60595178604126,0.3807346522808075,0.0,0.4823157787322998,0.0,2024-07-16 14:45:35+08:00
3242,3,6,CC_Chg,245,1.3895761966705322,5.605946063995361,0.38151323795318604,0.0,0.4833974242210388,0.0,2024-07-16 14:45:35.500000+08:00
3243,3,6,CC_Chg,245.5,1.3899915218353271,5.60595178604126,0.38229185342788696,0.0,0.4844793379306793,0.0,2024-07-16 14:45:36+08:00
3244,3,6,CC_Chg,246,1.3904311656951904,5.605955123901367,0.3830704689025879,0.0,0.4855616092681885,0.0,2024-07-16 14:45:36.500000+08:00
3245,3,6,CC_Chg,246.5,1.390815019607544,5.605967044830322,0.38384905457496643,0.0,0.4866442084312439,0.0,2024-07-16 14:45:37+08:00
3246,3,6,CC_Chg,247,1.3913012742996216,5.605964183807373,0.38462767004966736,0.0,0.4877271056175232,0.0,2024-07-16 14:45:37.500000+08:00
3247,3,6,CC_Chg,247.5,1.391655445098877,5.605961322784424,0.3854062855243683,0.0,0.48881036043167114,0.0,2024-07-16 14:45:38+08:00
3248,3,6,CC_Chg,248,1.392124056816101,5.6059699058532715,0.3861848711967468,0.0,0.48989391326904297,0.0,2024-07-16 14:45:38.500000+08:00
3249,3,6,CC_Chg,248.5,1.3925310373306274,5.6059794425964355,0.38696348667144775,0.0,0.49097785353660583,0.0,2024-07-16 14:45:39+08:00
3250,3,6,CC_Chg,249,1.3929554224014282,5.6059794425964355,0.3877421021461487,0.0,0.4920620620250702,0.0,2024-07-16 14:45:39.500000+08:00
3251,3,6,CC_Chg,249.5,1.393370270729065,5.6059699058532715,0.3885206878185272,0.0,0.4931466281414032,0.0,2024-07-16 14:45:40+08:00
3252,3,6,CC_Chg,250,1.393797755241394,5.605964183807373,0.38929930329322815,0.0,0.49423152208328247,0.0,2024-07-16 14:45:40.500000+08:00
3253,3,6,CC_Chg,250.5,1.3942101001739502,5.605955123901367,0.3900779187679291,0.0,0.495316743850708,0.0,2024-07-16 14:45:41+08:00
3254,3,6,CC_Chg,251,1.394647240638733,5.605961322784424,0.39085653424263,0.0,0.4964022934436798,0.0,2024-07-16 14:45:41.500000+08:00
3255,3,6,CC_Chg,251.5,1.3951014280319214,5.6059489250183105,0.39163511991500854,0.0,0.4974881708621979,0.0,2024-07-16 14:45:42+08:00
3256,3,6,CC_Chg,252,1.3954907655715942,5.605957984924316,0.3924137353897095,0.0,0.4985744059085846,0.0,2024-07-16 14:45:42.500000+08:00
3257,3,6,CC_Chg,252.5,1.3959054946899414,5.6059370040893555,0.393192321062088,0.0,0.4996609389781952,0.0,2024-07-16 14:45:43+08:00
3258,3,6,CC_Chg,253,1.3963251113891602,5.605933666229248,0.39397093653678894,0.0,0.500747799873352,0.0,2024-07-16 14:45:43.500000+08:00
3259,3,6,CC_Chg,253.5,1.3967562913894653,5.605912685394287,0.39474955201148987,0.0,0.5018349885940552,0.0,2024-07-16 14:45:44+08:00
3260,3,6,CC_Chg,254,1.3972036838531494,5.605897426605225,0.3955281376838684,0.0,0.5029224753379822,0.0,2024-07-16 14:45:44.500000+08:00
3261,3,6,CC_Chg,254.5,1.397632360458374,5.605900764465332,0.39630672335624695,0.0,0.5040103197097778,0.0,2024-07-16 14:45:45+08:00
3262,3,6,CC_Chg,255,1.398064136505127,5.605891227722168,0.3970853388309479,0.0,0.5050985217094421,0.0,2024-07-16 14:45:45.500000+08:00
3263,3,6,CC_Chg,255.5,1.3985116481781006,5.605900764465332,0.3978639245033264,0.0,0.5061870813369751,0.0,2024-07-16 14:45:46+08:00
3264,3,6,CC_Chg,256,1.3989530801773071,5.605912685394287,0.39864253997802734,0.0,0.5072759389877319,0.0,2024-07-16 14:45:46.500000+08:00
3265,3,6,CC_Chg,256.5,1.399377465248108,5.6059250831604,0.3994211256504059,0.0,0.5083651542663574,0.0,2024-07-16 14:45:47+08:00
3266,3,6,CC_Chg,257,1.3998183012008667,5.605921745300293,0.4001997113227844,0.0,0.5094547271728516,0.0,2024-07-16 14:45:47.500000+08:00
3267,3,6,CC_Chg,257.5,1.4002312421798706,5.605912685394287,0.40097832679748535,0.0,0.5105445981025696,0.0,2024-07-16 14:45:48+08:00
3268,3,6,CC_Chg,258,1.4006884098052979,5.605927467346191,0.4017569124698639,0.0,0.5116348266601562,0.0,2024-07-16 14:45:48.500000+08:00
3269,3,6,CC_Chg,258.5,1.4011019468307495,5.605933666229248,0.4025355279445648,0.0,0.5127254128456116,0.0,2024-07-16 14:45:49+08:00
3270,3,6,CC_Chg,259,1.4015681743621826,5.605939865112305,0.40331411361694336,0.0,0.5138162970542908,0.0,2024-07-16 14:45:49.500000+08:00
3271,3,6,CC_Chg,259.5,1.4020302295684814,5.605961322784424,0.4040927290916443,0.0,0.5149075984954834,0.0,2024-07-16 14:45:50+08:00
3272,3,6,CC_Chg,260,1.4024862051010132,5.605946063995361,0.4048713445663452,0.0,0.5159991979598999,0.0,2024-07-16 14:45:50.500000+08:00
3273,3,6,CC_Chg,260.5,1.4028706550598145,5.605939865112305,0.40564993023872375,0.0,0.5170912146568298,0.0,2024-07-16 14:45:51+08:00
3274,3,6,CC_Chg,261,1.4033302068710327,5.6059370040893555,0.4064285457134247,0.0,0.5181834697723389,0.0,2024-07-16 14:45:51.500000+08:00
3275,3,6,CC_Chg,261.5,1.4037649631500244,5.6059370040893555,0.4072071313858032,0.0,0.5192760825157166,0.0,2024-07-16 14:45:52+08:00
3276,3,6,CC_Chg,262,1.4042305946350098,5.6059370040893555,0.40798574686050415,0.0,0.5203690528869629,0.0,2024-07-16 14:45:52.500000+08:00
3277,3,6,CC_Chg,262.5,1.404676914215088,5.6059489250183105,0.4087643623352051,0.0,0.5214624404907227,0.0,2024-07-16 14:45:53+08:00
3278,3,6,CC_Chg,263,1.4051309823989868,5.60595178604126,0.4095429480075836,0.0,0.5225561261177063,0.0,2024-07-16 14:45:53.500000+08:00
3279,3,6,CC_Chg,263.5,1.4055827856063843,5.6059489250183105,0.41032156348228455,0.0,0.5236501693725586,0.0,2024-07-16 14:45:54+08:00
3280,3,6,CC_Chg,264,1.4060144424438477,5.6059489250183105,0.4111001491546631,0.0,0.5247445106506348,0.0,2024-07-16 14:45:54.500000+08:00
3281,3,6,CC_Chg,264.5,1.4064486026763916,5.605955123901367,0.411878764629364,0.0,0.5258392691612244,0.0,2024-07-16 14:45:55+08:00
3282,3,6,CC_Chg,265,1.4069136381149292,5.605961322784424,0.41265738010406494,0.0,0.5269343256950378,0.0,2024-07-16 14:45:55.500000+08:00
3283,3,6,CC_Chg,265.5,1.407350778579712,5.605955123901367,0.4134359657764435,0.0,0.52802973985672,0.0,2024-07-16 14:45:56+08:00
3284,3,6,CC_Chg,266,1.4078267812728882,5.6059489250183105,0.4142145812511444,0.0,0.5291255116462708,0.0,2024-07-16 14:45:56.500000+08:00
3285,3,6,CC_Chg,266.5,1.4082669019699097,5.605943202972412,0.41499319672584534,0.0,0.530221700668335,0.0,2024-07-16 14:45:57+08:00
3286,3,6,CC_Chg,267,1.4087458848953247,5.6059250831604,0.4157717823982239,0.0,0.5313181281089783,0.0,2024-07-16 14:45:57.500000+08:00
3287,3,6,CC_Chg,267.5,1.4092211723327637,5.605918884277344,0.4165503978729248,0.0,0.5324150323867798,0.0,2024-07-16 14:45:58+08:00
3288,3,6,CC_Chg,268,1.4096596240997314,5.605918884277344,0.41732898354530334,0.0,0.5335122346878052,0.0,2024-07-16 14:45:58.500000+08:00
3289,3,6,CC_Chg,268.5,1.4100871086120605,5.605915546417236,0.4181075990200043,0.0,0.5346097946166992,0.0,2024-07-16 14:45:59+08:00
3290,3,6,CC_Chg,269,1.4105539321899414,5.60590934753418,0.4188861846923828,0.0,0.5357076525688171,0.0,2024-07-16 14:45:59.500000+08:00
3291,3,6,CC_Chg,269.5,1.4110268354415894,5.605915546417236,0.41966480016708374,0.0,0.5368059277534485,0.0,2024-07-16 14:46:00+08:00
3292,3,6,CC_Chg,270,1.4114961624145508,5.605915546417236,0.4204433858394623,0.0,0.5379045605659485,0.0,2024-07-16 14:46:00.500000+08:00
3293,3,6,CC_Chg,270.5,1.4119805097579956,5.605921745300293,0.4212219715118408,0.0,0.5390035510063171,0.0,2024-07-16 14:46:01+08:00
3294,3,6,CC_Chg,271,1.412433385848999,5.605927467346191,0.42200058698654175,0.0,0.5401028990745544,0.0,2024-07-16 14:46:01.500000+08:00
3295,3,6,CC_Chg,271.5,1.412899136543274,5.605915546417236,0.4227791726589203,0.0,0.5412026643753052,0.0,2024-07-16 14:46:02+08:00
3296,3,6,CC_Chg,272,1.4133799076080322,5.605912685394287,0.4235577881336212,0.0,0.5423027276992798,0.0,2024-07-16 14:46:02.500000+08:00
3297,3,6,CC_Chg,272.5,1.413827896118164,5.605930805206299,0.42433637380599976,0.0,0.5434032082557678,0.0,2024-07-16 14:46:03+08:00
3298,3,6,CC_Chg,273,1.414298415184021,5.605933666229248,0.4251149892807007,0.0,0.5445039868354797,0.0,2024-07-16 14:46:03.500000+08:00
3299,3,6,CC_Chg,273.5,1.4147955179214478,5.605943202972412,0.4258935749530792,0.0,0.5456051826477051,0.0,2024-07-16 14:46:04+08:00
3300,3,6,CC_Chg,274,1.4152642488479614,5.605930805206299,0.42667219042778015,0.0,0.5467067360877991,0.0,2024-07-16 14:46:04.500000+08:00
3301,3,6,CC_Chg,274.5,1.4157497882843018,5.605930805206299,0.4274508059024811,0.0,0.5478086471557617,0.0,2024-07-16 14:46:05+08:00
3302,3,6,CC_Chg,275,1.4162348508834839,5.605939865112305,0.4282293915748596,0.0,0.5489109754562378,0.0,2024-07-16 14:46:05.500000+08:00
3303,3,6,CC_Chg,275.5,1.4166961908340454,5.605946063995361,0.42900800704956055,0.0,0.5500136613845825,0.0,2024-07-16 14:46:06+08:00
3304,3,6,CC_Chg,276,1.4171860218048096,5.605939865112305,0.4297865927219391,0.0,0.5511167049407959,0.0,2024-07-16 14:46:06.500000+08:00
3305,3,6,CC_Chg,276.5,1.4176832437515259,5.605946063995361,0.43056520819664,0.0,0.5522201061248779,0.0,2024-07-16 14:46:07+08:00
3306,3,6,CC_Chg,277,1.4181445837020874,5.605943202972412,0.43134379386901855,0.0,0.5533239245414734,0.0,2024-07-16 14:46:07.500000+08:00
3307,3,6,CC_Chg,277.5,1.418654441833496,5.6059370040893555,0.4321224093437195,0.0,0.5544281005859375,0.0,2024-07-16 14:46:08+08:00
3308,3,6,CC_Chg,278,1.4191436767578125,5.6059489250183105,0.4329010248184204,0.0,0.555532693862915,0.0,2024-07-16 14:46:08.500000+08:00
3309,3,6,CC_Chg,278.5,1.419606328010559,5.605946063995361,0.43367961049079895,0.0,0.5566376447677612,0.0,2024-07-16 14:46:09+08:00
3310,3,6,CC_Chg,279,1.4201221466064453,5.605946063995361,0.4344582259654999,0.0,0.5577429533004761,0.0,2024-07-16 14:46:09.500000+08:00
3311,3,6,CC_Chg,279.5,1.4206132888793945,5.605955123901367,0.4352368116378784,0.0,0.5588486194610596,0.0,2024-07-16 14:46:10+08:00
3312,3,6,CC_Chg,280,1.4211188554763794,5.605955123901367,0.43601542711257935,0.0,0.5599547624588013,0.0,2024-07-16 14:46:10.500000+08:00
3313,3,6,CC_Chg,280.5,1.4215880632400513,5.60595178604126,0.4367940425872803,0.0,0.5610612034797668,0.0,2024-07-16 14:46:11+08:00
3314,3,6,CC_Chg,281,1.4220597743988037,5.6059489250183105,0.4375726282596588,0.0,0.5621680617332458,0.0,2024-07-16 14:46:11.500000+08:00
3315,3,6,CC_Chg,281.5,1.4226174354553223,5.605957984924316,0.43835124373435974,0.0,0.5632752776145935,0.0,2024-07-16 14:46:12+08:00
3316,3,6,CC_Chg,282,1.423097014427185,5.6059489250183105,0.43912985920906067,0.0,0.5643829703330994,0.0,2024-07-16 14:46:12.500000+08:00
3317,3,6,CC_Chg,282.5,1.4236184358596802,5.6059489250183105,0.4399084448814392,0.0,0.5654909610748291,0.0,2024-07-16 14:46:13+08:00
3318,3,6,CC_Chg,283,1.4241348505020142,5.60595178604126,0.44068706035614014,0.0,0.566599428653717,0.0,2024-07-16 14:46:13.500000+08:00
3319,3,6,CC_Chg,283.5,1.4246010780334473,5.605946063995361,0.4414656460285187,0.0,0.5677082538604736,0.0,2024-07-16 14:46:14+08:00
3320,3,6,CC_Chg,284,1.4251424074172974,5.605933666229248,0.4422442615032196,0.0,0.5688174366950989,0.0,2024-07-16 14:46:14.500000+08:00
3321,3,6,CC_Chg,284.5,1.4256141185760498,5.6059370040893555,0.44302287697792053,0.0,0.5699270963668823,0.0,2024-07-16 14:46:15+08:00
3322,3,6,CC_Chg,285,1.4261518716812134,5.605933666229248,0.4438014626502991,0.0,0.5710370540618896,0.0,2024-07-16 14:46:15.500000+08:00
3323,3,6,CC_Chg,285.5,1.426670789718628,5.6059489250183105,0.444580078125,0.0,0.5721474885940552,0.0,2024-07-16 14:46:16+08:00
3324,3,6,CC_Chg,286,1.4271975755691528,5.605967044830322,0.44535866379737854,0.0,0.5732582807540894,0.0,2024-07-16 14:46:16.500000+08:00
3325,3,6,CC_Chg,286.5,1.42770254611969,5.605967044830322,0.44613727927207947,0.0,0.574369490146637,0.0,2024-07-16 14:46:17+08:00
3326,3,6,CC_Chg,287,1.4282578229904175,5.605973243713379,0.4469158947467804,0.0,0.575481116771698,0.0,2024-07-16 14:46:17.500000+08:00
3327,3,6,CC_Chg,287.5,1.428768277168274,5.605973243713379,0.44769448041915894,0.0,0.5765931606292725,0.0,2024-07-16 14:46:18+08:00
3328,3,6,CC_Chg,288,1.4292774200439453,5.605964183807373,0.44847309589385986,0.0,0.5777056217193604,0.0,2024-07-16 14:46:18.500000+08:00
3329,3,6,CC_Chg,288.5,1.4298018217086792,5.6059489250183105,0.4492517113685608,0.0,0.5788185000419617,0.0,2024-07-16 14:46:19+08:00
3330,3,6,CC_Chg,289,1.4303455352783203,5.605946063995361,0.4500303268432617,0.0,0.5799317359924316,0.0,2024-07-16 14:46:19.500000+08:00
3331,3,6,CC_Chg,289.5,1.4308874607086182,5.605939865112305,0.45080891251564026,0.0,0.581045389175415,0.0,2024-07-16 14:46:20+08:00
3332,3,6,CC_Chg,290,1.4314415454864502,5.6059489250183105,0.4515875279903412,0.0,0.5821594595909119,0.0,2024-07-16 14:46:20.500000+08:00
3333,3,6,CC_Chg,290.5,1.431959867477417,5.605957984924316,0.4523661136627197,0.0,0.5832740068435669,0.0,2024-07-16 14:46:21+08:00
3334,3,6,CC_Chg,291,1.4325271844863892,5.605957984924316,0.45314472913742065,0.0,0.5843889713287354,0.0,2024-07-16 14:46:21.500000+08:00
3335,3,6,CC_Chg,291.5,1.4330806732177734,5.60595178604126,0.4539233446121216,0.0,0.5855042934417725,0.0,2024-07-16 14:46:22+08:00
3336,3,6,CC_Chg,292,1.433560848236084,5.605933666229248,0.4547019302845001,0.0,0.5866200923919678,0.0,2024-07-16 14:46:22.500000+08:00
3337,3,6,CC_Chg,292.5,1.434122085571289,5.605921745300293,0.45548054575920105,0.0,0.5877363085746765,0.0,2024-07-16 14:46:23+08:00
3338,3,6,CC_Chg,293,1.434672474861145,5.605918884277344,0.4562591314315796,0.0,0.5888528823852539,0.0,2024-07-16 14:46:23.500000+08:00
3339,3,6,CC_Chg,293.5,1.43528413772583,5.605921745300293,0.4570377469062805,0.0,0.5899699330329895,0.0,2024-07-16 14:46:24+08:00
3340,3,6,CC_Chg,294,1.4357963800430298,5.605927467346191,0.45781633257865906,0.0,0.5910874605178833,0.0,2024-07-16 14:46:24.500000+08:00
3341,3,6,CC_Chg,294.5,1.4364120960235596,5.605930805206299,0.45859494805336,0.0,0.5922053456306458,0.0,2024-07-16 14:46:25+08:00
3342,3,6,CC_Chg,295,1.4369571208953857,5.6059370040893555,0.4593735337257385,0.0,0.5933237671852112,0.0,2024-07-16 14:46:25.500000+08:00
3343,3,6,CC_Chg,295.5,1.4374996423721313,5.605939865112305,0.46015214920043945,0.0,0.5944425463676453,0.0,2024-07-16 14:46:26+08:00
3344,3,6,CC_Chg,296,1.438039779663086,5.605961322784424,0.460930734872818,0.0,0.5955618023872375,0.0,2024-07-16 14:46:26.500000+08:00
3345,3,6,CC_Chg,296.5,1.438645839691162,5.605955123901367,0.4617093503475189,0.0,0.5966814756393433,0.0,2024-07-16 14:46:27+08:00
3346,3,6,CC_Chg,297,1.4392235279083252,5.6059489250183105,0.46248796582221985,0.0,0.5978016257286072,0.0,2024-07-16 14:46:27.500000+08:00
3347,3,6,CC_Chg,297.5,1.439825415611267,5.605943202972412,0.4632665514945984,0.0,0.5989221930503845,0.0,2024-07-16 14:46:28+08:00
3348,3,6,CC_Chg,298,1.4404157400131226,5.6059370040893555,0.4640451669692993,0.0,0.6000432372093201,0.0,2024-07-16 14:46:28.500000+08:00
3349,3,6,CC_Chg,298.5,1.4410170316696167,5.605927467346191,0.46482378244400024,0.0,0.6011647582054138,0.0,2024-07-16 14:46:29+08:00
3350,3,6,CC_Chg,299,1.4416238069534302,5.605927467346191,0.4656023681163788,0.0,0.6022867560386658,0.0,2024-07-16 14:46:29.500000+08:00
3351,3,6,CC_Chg,299.5,1.44219172000885,5.605927467346191,0.4663809835910797,0.0,0.6034091711044312,0.0,2024-07-16 14:46:30+08:00
3352,3,6,CC_Chg,300,1.4428002834320068,5.605927467346191,0.46715956926345825,0.0,0.6045320630073547,0.0,2024-07-16 14:46:30.500000+08:00
3353,3,6,CC_Chg,300.5,1.4434069395065308,5.6059250831604,0.4679381847381592,0.0,0.6056554317474365,0.0,2024-07-16 14:46:31+08:00
3354,3,6,CC_Chg,301,1.4440149068832397,5.605912685394287,0.4687167704105377,0.0,0.6067792773246765,0.0,2024-07-16 14:46:31.500000+08:00
3355,3,6,CC_Chg,301.5,1.4446203708648682,5.605903625488281,0.46949538588523865,0.0,0.6079035997390747,0.0,2024-07-16 14:46:32+08:00
3356,3,6,CC_Chg,302,1.4452489614486694,5.60590934753418,0.4702739715576172,0.0,0.6090283989906311,0.0,2024-07-16 14:46:32.500000+08:00
3357,3,6,CC_Chg,302.5,1.4459004402160645,5.60590934753418,0.4710525572299957,0.0,0.6101536154747009,0.0,2024-07-16 14:46:33+08:00
3358,3,6,CC_Chg,303,1.4465495347976685,5.6059064865112305,0.47183114290237427,0.0,0.61130690574646,0.0,2024-07-16 14:46:34+08:00
3359,3,6,CC_Chg,303.4958190917969,1.447141170501709,5.6059064865112305,0.4726097583770752,0.0,0.6124331951141357,0.0,2024-07-16 14:46:34.500000+08:00
3360,3,6,CC_Chg,303.9916687011719,1.447790265083313,5.6059064865112305,0.4733818471431732,0.0,0.6135505437850952,0.0,2024-07-16 14:46:34.995833333+08:00
3361,3,6,CC_Chg,304.48748779296875,1.4484502077102661,5.605921745300293,0.47415396571159363,0.0,0.6146684288978577,0.0,2024-07-16 14:46:35.491666667+08:00
3362,3,6,CC_Chg,304.98333740234375,1.4490939378738403,5.605921745300293,0.47492608428001404,0.0,0.6157867908477783,0.0,2024-07-16 14:46:35.987500+08:00
3363,3,6,CC_Chg,305.4791564941406,1.4498108625411987,5.605915546417236,0.47569820284843445,0.0,0.6169056296348572,0.0,2024-07-16 14:46:36.483333333+08:00
3364,3,6,CC_Chg,305.9750061035156,1.4504448175430298,5.605918884277344,0.47647029161453247,0.0,0.6180250644683838,0.0,2024-07-16 14:46:36.979166667+08:00
3365,3,6,CC_Chg,306.4708251953125,1.4511544704437256,5.605915546417236,0.4772424101829529,0.0,0.6191449761390686,0.0,2024-07-16 14:46:37.475000+08:00
3366,3,6,CC_Chg,306.9666748046875,1.4518041610717773,5.605921745300293,0.4780145287513733,0.0,0.6202654242515564,0.0,2024-07-16 14:46:37.970833333+08:00
3367,3,6,CC_Chg,307.4624938964844,1.4524725675582886,5.605912685394287,0.4787866473197937,0.0,0.6213863492012024,0.0,2024-07-16 14:46:38.466666667+08:00
3368,3,6,CC_Chg,307.9583435058594,1.4531786441802979,5.605918884277344,0.4795587658882141,0.0,0.6225078105926514,0.0,2024-07-16 14:46:38.962500+08:00
3369,3,6,CC_Chg,308.45416259765625,1.4538894891738892,5.6059064865112305,0.48033085465431213,0.0,0.6236298680305481,0.0,2024-07-16 14:46:39.458333333+08:00
3370,3,6,CC_Chg,308.95001220703125,1.4545937776565552,5.605912685394287,0.48110297322273254,0.0,0.624752402305603,0.0,2024-07-16 14:46:39.954166667+08:00
3371,3,6,CC_Chg,309.4458312988281,1.4553396701812744,5.605912685394287,0.48187509179115295,0.0,0.6258755326271057,0.0,2024-07-16 14:46:40.450000+08:00
3372,3,6,CC_Chg,309.9416809082031,1.456055998802185,5.605912685394287,0.482647180557251,0.0,0.6269991993904114,0.0,2024-07-16 14:46:40.945833333+08:00
3373,3,6,CC_Chg,310.4375,1.4568026065826416,5.605918884277344,0.4834192991256714,0.0,0.6281234622001648,0.0,2024-07-16 14:46:41.441666667+08:00
3374,3,6,CC_Chg,310.9333190917969,1.4575268030166626,5.6059250831604,0.4841914176940918,0.0,0.6292482614517212,0.0,2024-07-16 14:46:41.937500+08:00
3375,3,6,CC_Chg,311.4291687011719,1.458264946937561,5.605933666229248,0.4849635362625122,0.0,0.6303736567497253,0.0,2024-07-16 14:46:42.433333333+08:00
3376,3,6,CC_Chg,311.92498779296875,1.459009051322937,5.605933666229248,0.4857356548309326,0.0,0.6314995884895325,0.0,2024-07-16 14:46:42.929166667+08:00
3377,3,6,CC_Chg,312.42083740234375,1.4597980976104736,5.605939865112305,0.48650774359703064,0.0,0.6326261162757874,0.0,2024-07-16 14:46:43.425000+08:00
3378,3,6,CC_Chg,312.9166564941406,1.4605876207351685,5.6059370040893555,0.48727986216545105,0.0,0.63375324010849,0.0,2024-07-16 14:46:43.920833333+08:00
3379,3,6,CC_Chg,313.4125061035156,1.4613947868347168,5.605943202972412,0.48805198073387146,0.0,0.6348809599876404,0.0,2024-07-16 14:46:44.416666667+08:00
3380,3,6,CC_Chg,313.9083251953125,1.4621813297271729,5.605946063995361,0.48882409930229187,0.0,0.6360093355178833,0.0,2024-07-16 14:46:44.912500+08:00
3381,3,6,CC_Chg,314.4041748046875,1.462980031967163,5.605943202972412,0.4895962178707123,0.0,0.637138307094574,0.0,2024-07-16 14:46:45.408333333+08:00
3382,3,6,CC_Chg,314.8999938964844,1.4638108015060425,5.605930805206299,0.4903683364391327,0.0,0.6382678747177124,0.0,2024-07-16 14:46:45.904166667+08:00
3383,3,6,CC_Chg,315.3958435058594,1.4646081924438477,5.605933666229248,0.4911404550075531,0.0,0.6393980979919434,0.0,2024-07-16 14:46:46.400000+08:00
3384,3,6,CC_Chg,315.89166259765625,1.4655030965805054,5.605915546417236,0.4919125437736511,0.0,0.6405289769172668,0.0,2024-07-16 14:46:46.895833333+08:00
3385,3,6,CC_Chg,316.38751220703125,1.4663399457931519,5.6059250831604,0.49268466234207153,0.0,0.6416605114936829,0.0,2024-07-16 14:46:47.391666667+08:00
3386,3,6,CC_Chg,316.8833312988281,1.4672240018844604,5.605930805206299,0.49345678091049194,0.0,0.6427927017211914,0.0,2024-07-16 14:46:47.887500+08:00
3387,3,6,CC_Chg,317.3791809082031,1.4681116342544556,5.605930805206299,0.49422889947891235,0.0,0.6439255475997925,0.0,2024-07-16 14:46:48.383333333+08:00
3388,3,6,CC_Chg,317.875,1.4690169095993042,5.605939865112305,0.49500101804733276,0.0,0.6450591087341309,0.0,2024-07-16 14:46:48.879166667+08:00
3389,3,6,CC_Chg,318.3708190917969,1.4699420928955078,5.605961322784424,0.4957731068134308,0.0,0.6461933255195618,0.0,2024-07-16 14:46:49.375000+08:00
3390,3,6,CC_Chg,318.8666687011719,1.4708219766616821,5.605955123901367,0.4965452253818512,0.0,0.6473283171653748,0.0,2024-07-16 14:46:49.870833333+08:00
3391,3,6,CC_Chg,319.36248779296875,1.4717646837234497,5.605943202972412,0.4973173439502716,0.0,0.6484639644622803,0.0,2024-07-16 14:46:50.366666667+08:00
3392,3,6,CC_Chg,319.85833740234375,1.472745656967163,5.605943202972412,0.498089462518692,0.0,0.6496003270149231,0.0,2024-07-16 14:46:50.862500+08:00
3393,3,6,CC_Chg,320.3541564941406,1.4737247228622437,5.605961322784424,0.4988615810871124,0.0,0.650737464427948,0.0,2024-07-16 14:46:51.358333333+08:00
3394,3,6,CC_Chg,320.8500061035156,1.474702000617981,5.605964183807373,0.49963369965553284,0.0,0.6518753170967102,0.0,2024-07-16 14:46:51.854166667+08:00
3395,3,6,CC_Chg,321.3458251953125,1.4757252931594849,5.605961322784424,0.5004058480262756,0.0,0.6530140042304993,0.0,2024-07-16 14:46:52.350000+08:00
3396,3,6,CC_Chg,321.8416748046875,1.4767383337020874,5.605957984924316,0.5011779069900513,0.0,0.6541534066200256,0.0,2024-07-16 14:46:52.845833333+08:00
3397,3,6,CC_Chg,322.3374938964844,1.477819800376892,5.605967044830322,0.5019500255584717,0.0,0.6552936434745789,0.0,2024-07-16 14:46:53.341666667+08:00
3398,3,6,CC_Chg,322.8333435058594,1.478834629058838,5.605961322784424,0.5027221441268921,0.0,0.6564346551895142,0.0,2024-07-16 14:46:53.837500+08:00
3399,3,6,CC_Chg,323.32916259765625,1.4799063205718994,5.6059489250183105,0.5034942626953125,0.0,0.6575765013694763,0.0,2024-07-16 14:46:54.333333333+08:00
3400,3,6,CC_Chg,323.82501220703125,1.4810434579849243,5.605939865112305,0.5042663812637329,0.0,0.6587191820144653,0.0,2024-07-16 14:46:54.829166667+08:00
3401,3,6,CC_Chg,324.3208312988281,1.4821569919586182,5.605939865112305,0.5050384998321533,0.0,0.6598626971244812,0.0,2024-07-16 14:46:55.325000+08:00
3402,3,6,CC_Chg,324.8166809082031,1.48334801197052,5.6059489250183105,0.5058106184005737,0.0,0.6610071063041687,0.0,2024-07-16 14:46:55.820833333+08:00
3403,3,6,CC_Chg,325.3125,1.4845021963119507,5.605946063995361,0.5065827369689941,0.0,0.6621524095535278,0.0,2024-07-16 14:46:56.316666667+08:00
3404,3,6,CC_Chg,325.8083190917969,1.4857252836227417,5.605957984924316,0.5073548555374146,0.0,0.6632986068725586,0.0,2024-07-16 14:46:56.812500+08:00
3405,3,6,CC_Chg,326.3041687011719,1.486938714981079,5.605957984924316,0.508126974105835,0.0,0.6644457578659058,0.0,2024-07-16 14:46:57.308333333+08:00
3406,3,6,CC_Chg,326.79998779296875,1.4881267547607422,5.60595178604126,0.5088990926742554,0.0,0.6655938625335693,0.0,2024-07-16 14:46:57.804166667+08:00
3407,3,6,CC_Chg,327.29583740234375,1.4894273281097412,5.605967044830322,0.5096712112426758,0.0,0.6667428612709045,0.0,2024-07-16 14:46:58.300000+08:00
3408,3,6,CC_Chg,327.7916564941406,1.490736484527588,5.605973243713379,0.5104433298110962,0.0,0.6678928732872009,0.0,2024-07-16 14:46:58.795833333+08:00
3409,3,6,CC_Chg,328.2875061035156,1.4920988082885742,5.605957984924316,0.5112154483795166,0.0,0.6690438985824585,0.0,2024-07-16 14:46:59.291666667+08:00
3410,3,6,CC_Chg,328.7833251953125,1.4934630393981934,5.605961322784424,0.511987566947937,0.0,0.670195996761322,0.0,2024-07-16 14:46:59.787500+08:00
3411,3,6,CC_Chg,329.2791748046875,1.4948841333389282,5.605957984924316,0.5127596855163574,0.0,0.6713491082191467,0.0,2024-07-16 14:47:00.283333333+08:00
3412,3,6,CC_Chg,329.7749938964844,1.496330738067627,5.605967044830322,0.5135318040847778,0.0,0.6725033521652222,0.0,2024-07-16 14:47:00.779166667+08:00
3413,3,6,CC_Chg,330.2708435058594,1.4978106021881104,5.605973243713379,0.5143039226531982,0.0,0.6736586689949036,0.0,2024-07-16 14:47:01.275000+08:00
3414,3,6,CC_Chg,330.76666259765625,1.4992523193359375,5.605961322784424,0.5150760412216187,0.0,0.6748151779174805,0.0,2024-07-16 14:47:01.770833333+08:00
3415,3,6,CC_Chg,331.26251220703125,1.5008206367492676,5.605943202972412,0.5158481597900391,0.0,0.6759727597236633,0.0,2024-07-16 14:47:02.266666667+08:00
3416,3,6,CC_Chg,331.7583312988281,1.5024088621139526,5.605933666229248,0.5166202783584595,0.0,0.6771315932273865,0.0,2024-07-16 14:47:02.762500+08:00
3417,3,6,CC_Chg,332.2541809082031,1.5040545463562012,5.6059370040893555,0.5173923969268799,0.0,0.6782916188240051,0.0,2024-07-16 14:47:03.258333333+08:00
3418,3,6,CC_Chg,332.75,1.5057851076126099,5.605930805206299,0.5181645154953003,0.0,0.6794528961181641,0.0,2024-07-16 14:47:03.754166667+08:00
3419,3,6,CC_Chg,333.2458190917969,1.5074896812438965,5.605918884277344,0.5189366340637207,0.0,0.6806155443191528,0.0,2024-07-16 14:47:04.250000+08:00
3420,3,6,CC_Chg,333.7416687011719,1.5092649459838867,5.6059064865112305,0.5197087526321411,0.0,0.6817795038223267,0.0,2024-07-16 14:47:04.745833333+08:00
3421,3,6,CC_Chg,334.23748779296875,1.5111281871795654,5.605912685394287,0.5204808115959167,0.0,0.6829448342323303,0.0,2024-07-16 14:47:05.241666667+08:00
3422,3,6,CC_Chg,334.73333740234375,1.5128810405731201,5.6059064865112305,0.5212529301643372,0.0,0.6841115951538086,0.0,2024-07-16 14:47:05.737500+08:00
3423,3,6,CC_Chg,335.2291564941406,1.5148259401321411,5.605915546417236,0.5220250487327576,0.0,0.6852796673774719,0.0,2024-07-16 14:47:06.233333333+08:00
3424,3,6,CC_Chg,335.7250061035156,1.5167877674102783,5.605915546417236,0.522797167301178,0.0,0.6864492893218994,0.0,2024-07-16 14:47:06.729166667+08:00
3425,3,6,CC_Chg,336.2208251953125,1.5188168287277222,5.605933666229248,0.5235692858695984,0.0,0.6876204013824463,0.0,2024-07-16 14:47:07.225000+08:00
3426,3,6,CC_Chg,336.7166748046875,1.5209416151046753,5.605943202972412,0.5243414044380188,0.0,0.6887931227684021,0.0,2024-07-16 14:47:07.720833333+08:00
3427,3,6,CC_Chg,337.2124938964844,1.5230493545532227,5.605933666229248,0.5251135230064392,0.0,0.6899674534797668,0.0,2024-07-16 14:47:08.216666667+08:00
3428,3,6,CC_Chg,337.7083435058594,1.525283694267273,5.605930805206299,0.5258856415748596,0.0,0.6911434531211853,0.0,2024-07-16 14:47:08.712500+08:00
3429,3,6,CC_Chg,338.20416259765625,1.527413249015808,5.6059489250183105,0.52665776014328,0.0,0.6923211216926575,0.0,2024-07-16 14:47:09.208333333+08:00
3430,3,6,CC_Chg,338.70001220703125,1.5297656059265137,5.605946063995361,0.5274298191070557,0.0,0.6935004591941833,0.0,2024-07-16 14:47:09.704166667+08:00
3431,3,6,CC_Chg,339.1958312988281,1.5321574211120605,5.605961322784424,0.5282019376754761,0.0,0.6946816444396973,0.0,2024-07-16 14:47:10.200000+08:00
3432,3,6,CC_Chg,339.6916809082031,1.534584879875183,5.605982303619385,0.5289740562438965,0.0,0.6958646178245544,0.0,2024-07-16 14:47:10.695833333+08:00
3433,3,6,CC_Chg,340.1875,1.537092924118042,5.605973243713379,0.5297461748123169,0.0,0.6970494985580444,0.0,2024-07-16 14:47:11.191666667+08:00
3434,3,6,CC_Chg,340.6833190917969,1.539659023284912,5.6059699058532715,0.5305182933807373,0.0,0.698236346244812,0.0,2024-07-16 14:47:11.687500+08:00
3435,3,6,CC_Chg,341.1791687011719,1.5423686504364014,5.6059794425964355,0.5312904119491577,0.0,0.6994251608848572,0.0,2024-07-16 14:47:12.183333333+08:00
3436,3,6,CC_Chg,341.67498779296875,1.5450589656829834,5.605982303619385,0.5320625305175781,0.0,0.7006160020828247,0.0,2024-07-16 14:47:12.679166667+08:00
3437,3,6,CC_Chg,342.17083740234375,1.547681450843811,5.605973243713379,0.5328346490859985,0.0,0.7018089890480042,0.0,2024-07-16 14:47:13.175000+08:00
3438,3,6,CC_Chg,342.6666564941406,1.550533413887024,5.605961322784424,0.533606767654419,0.0,0.703004002571106,0.0,2024-07-16 14:47:13.670833333+08:00
3439,3,6,CC_Chg,343.1625061035156,1.5534186363220215,5.605957984924316,0.5343788862228394,0.0,0.7042011618614197,0.0,2024-07-16 14:47:14.166666667+08:00
3440,3,6,CC_Chg,343.6583251953125,1.5564000606536865,5.6059489250183105,0.5351510047912598,0.0,0.7054005861282349,0.0,2024-07-16 14:47:14.662500+08:00
3441,3,6,CC_Chg,344.1541748046875,1.5594295263290405,5.60595178604126,0.5359231233596802,0.0,0.7066023349761963,0.0,2024-07-16 14:47:15.158333333+08:00
3442,3,6,CC_Chg,344.6499938964844,1.5624921321868896,5.605964183807373,0.5366952419281006,0.0,0.707806408405304,0.0,2024-07-16 14:47:15.654166667+08:00
3443,3,6,CC_Chg,345.1458435058594,1.5656280517578125,5.605973243713379,0.537467360496521,0.0,0.7090128064155579,0.0,2024-07-16 14:47:16.150000+08:00
3444,3,6,CC_Chg,345.64166259765625,1.5688426494598389,5.60595178604126,0.5382394790649414,0.0,0.7102216482162476,0.0,2024-07-16 14:47:16.645833333+08:00
3445,3,6,CC_Chg,346.13751220703125,1.5719325542449951,5.605955123901367,0.5390115976333618,0.0,0.7114329934120178,0.0,2024-07-16 14:47:17.141666667+08:00
3446,3,6,CC_Chg,346.6333312988281,1.575242280960083,5.605955123901367,0.5397837162017822,0.0,0.7126467227935791,0.0,2024-07-16 14:47:17.637500+08:00
3447,3,6,CC_Chg,347.1291809082031,1.5786064863204956,5.605955123901367,0.5405558347702026,0.0,0.713862955570221,0.0,2024-07-16 14:47:18.133333333+08:00
3448,3,6,CC_Chg,347.625,1.582057237625122,5.605946063995361,0.541327953338623,0.0,0.7150818705558777,0.0,2024-07-16 14:47:18.629166667+08:00
3449,3,6,CC_Chg,348.1208190917969,1.585486888885498,5.6059489250183105,0.5421000719070435,0.0,0.7163034081459045,0.0,2024-07-16 14:47:19.125000+08:00
3450,3,6,CC_Chg,348.6166687011719,1.5890339612960815,5.605943202972412,0.5428721904754639,0.0,0.7175275683403015,0.0,2024-07-16 14:47:19.620833333+08:00
3451,3,6,CC_Chg,349.11248779296875,1.5925706624984741,5.60595178604126,0.5436443090438843,0.0,0.7187544703483582,0.0,2024-07-16 14:47:20.116666667+08:00
3452,3,6,CC_Chg,349.60833740234375,1.5961692333221436,5.605955123901367,0.5444164276123047,0.0,0.7199841141700745,0.0,2024-07-16 14:47:20.612500+08:00
3453,3,6,CC_Chg,350.1041564941406,1.5996345281600952,5.60595178604126,0.5451885461807251,0.0,0.7212165594100952,0.0,2024-07-16 14:47:21.108333333+08:00
3454,3,6,CC_Chg,350.6000061035156,1.600401759147644,5.605957984924316,0.5459542274475098,0.0,0.722451388835907,0.0,2024-07-16 14:47:22+08:00
